RoverRecord Artist,RoverRecord Bent Genre
"""Cats"" Original London Cast",Stage & Screen
"""The Phantom Of The Opera"" Original London Cast",Stage & Screen
$uicideboy$,Rap/Hip-hop
? & The Mysterians,SodaPop
"10,000 Maniacs",SodaPop
13th Floor Elevators,PsychPaisley
2Pac,Rap/Hip-hop
38 Special (2),BoogerJam
3rd Bass,Rap/Hip-hop
50 Cent,Rap/Hip-hop
86 (2),AtlantaVerse
A Few Good Men (5),AtlantaVerse
A Tribe Called Quest,Rap/Hip-hop
A.C. Bhaktivedanta Swami Prabhupada,International
A.S. Kang,SodaPop
ABBA,Super
Abbey Lincoln,Jazz
Abdul Halim Jaffer Khan,International
AC/DC,Metal
Ace (7),SodaPop
Acker Bilk,Jazz
Adam Ant,SodaPop
Adam's Housecat,AtlantaVerse
"Adolf Scherbaum, Barbara Schlick",Classical
"Adolf Scherbaum, Hamburger Barock-Ensemble",Classical
Adrian Belew,PsychPaisley
Adrianne Lenker,SingSong
Aerosmith,Metal
Aesop Rock,Rap/Hip-hop
Africando,International
Afrika Bambaataa & Soulsonic Force With Shango,Rap/Hip-hop
Agent 23,Childrens
Agnostic Front,Ska/Punk/Reggae
Agung Alit,International
Ahmad Jamal Trio,Jazz
Ahmed Shiba and His Ensemble,International
Air Power Band,International
Ajoy Chakrabarty,International
Akira Ifukube,Stage & Screen
Al Green,R&B
Al Hirt,Jazz
Al Jarreau,Vocal
Al Jolson,Vocal
Al Kooper Introduces Shuggie Otis,R&B
Al Martino,Vocal
Al Trace And His Orchestra,Jazz
Alabama Shakes,BoogerJam
Alan Mills,Childrens
Albert Collins,Blues
Albert King,Blues
Alejandro Escovedo,SingSong
Alex Chilton,PROTO
Alfonzo,R&B
Alfred Brendel,Classical
Ali Akbar Khan,International
Ali Farka Tourûˋ,International
Ali Farka Tourûˋ & Toumani Diabatûˋ,International
Ali Farka Tourûˋ With Ry Cooder,International
Alice Cooper,Metal
Alicia Bridges,R&B
Alicia Keys,R&B
Alison Krauss,Billy
Alison Krauss & Union Station,Billy
Alison Moyet,SodaPop
Alkaline Trio,Ska/Punk/Reggae
Alkaline Trio / Hot Water Music,Ska/Punk/Reggae
Alla Rakha,International
Allen Ginsberg,Sound/Spoken/Comedy
Alton Stitcher,Blues
Amadou & Mariam,International
America (2),SodaPop
American Music Club,SodaPop
Amjad Ali Khan,International
Amos Milburn,Blues
Amos Milburn And His Aladdin Chickenshackers,Blues
Amy Winehouse,R&B
Amyl And The Sniffers,Ska/Punk/Reggae
Ananda Shankar,Jazz
Andre Williams (2) & The Sadies,Country
AndrÕs Segovia,Classical
"AndrÕs Segovia, Laurindo Almeida, Carlos Montoya, Manitas De Plata, Alirio DûÙaz, Narciso Yepes",Classical
Andrew Lloyd Webber & Tim Rice,Stage & Screen
Andy Dale Petty,Folk
Andy Gibb,SodaPop
Andy Griffith,Sound/Spoken/Comedy
Andy Russell,Vocal
Andy Shauf,SingSong
Andy Summers & Robert Fripp,PROTO
Angelique Kidjo,International
Animal Collective,Electronic
Anita O'Day,Jazz
Anita O'Day With The Oscar Peterson Quartet,Jazz
Annie Hayden,SodaPop
Annie Lennox,SodaPop
Anthrax,Metal
Antischism,Ska/Punk/Reggae
"AntonÚn Dvo?Ãk - Bruno Walter, Columbia Symphony Orchestra",Classical
"AntonÚn Dvo?Ãk / Bed?ich Smetana - Herbert Von Karajan, Berliner Philharmoniker",Classical
AntonÚn Dvo?Ãk / Chicago Symphony Orchestra ã Carlo Maria Giulini,Classical
"AntonÚn Dvo?Ãk / Max Bruch ã London Symphony Orchestra, Janos Starker, Antal Dorati",Classical
Antonio Carlos Jobim,International
"Antonio Vivaldi - Baroque Festival Orchestra, Alexander Pervomansky, Alberto Lizzio",Classical
"Antonio Vivaldi - Heinz Holliger, I Musici",Classical
"Antonio Vivaldi - Roberto Michelucci, I Musici",Classical
Antonio Vivaldi - Severino Gazzelloni,Classical
"Antonio Vivaldi, I Musici, Salvatore Accardo, Heinz Holliger",Classical
Anup Jalota,International
Aretha Franklin,R&B
Arlo Guthrie,Folk
Arms Akimbo,AtlantaVerse
Art Blakey,Jazz
Art Blakey & The Jazz Messengers,Jazz
Art Blakey Quartet,Jazz
Art Blakey's Big Band,Jazz
Art Tatum,Jazz
"Arthur ""Big Boy"" Crudup",Blues
Artie Shaw And His Orchestra,Jazz
Arturo Benedetti Michelangeli - Claude Debussy,Classical
Arturo Romero (2),Jazz
Arturo Sandoval,International
"Asbury Brass Quintet, Adolph Herseth",Jazz
Asha Bhosle,International
"Asha Bhosle, R. D. Burman, Gulzar",International
Asha Puthli,Jazz
Asleep At The Wheel,BoogerJam
Astrud Gilberto,International
Asylum Street Spankers,Childrens
Ateez (2),International
Atlanta Rhythm Section,AtlantaVerse
"Audrey Hepburn, Rex Harrison",Stage & Screen
Aura Urziceanu,Jazz
Autosalvage,PsychPaisley
Ayalew Mesfin,International
Aztec Camera,SodaPop
B.B. King,Blues
Baaba Maal,International
Babatunde Olatunji,International
Babes In Toyland,Riot Grrrl Pluse Sic
Baby Washington,R&B
Bachman-Turner Overdrive,Mini Garage
Bad Brains,Ska/Punk/Reggae
Bad Bunny,International
Bad Company (3),SodaPop
Bad Manners,Ska/Punk/Reggae
Bad Religion,Ska/Punk/Reggae
Bad Wolves,Metal
Badfinger,BoogerJam
Bailes Brothers,Country
Bappi Lahiri,International
"Bappi Lahiri, Gulrez",International
Barbara Lewis,R&B
Bar-B-Q Killers,AtlantaVerse
Barenaked Ladies,Childrens
Barkat Ali Khan,International
Bar-Kays,R&B
"Barry Tuckwell, Sir Neville Marriner Conducting The Academy Of St. Martin-in-the-Fields",Classical
Barry White,R&B
Bauhaus,PROTO
beabadoobee,SingSong
Beach Bunny,SodaPop
Beastie Boys,Rap/Hip-hop
Beatie Wolfe & Brian Eno,PROTO
Beausoleil,International
"Beck, Bogert & Appice",BoogerJam
Bee Gees,Vocal
Been Stellar,Mini Garage
Begum Akhtar,International
Bembeya Jazz National,International
Ben E. King,R&B
Ben Folds,SodaPop
Ben Yost Singers And Orchestra,SodaPop
Berlin,SodaPop
Bernard Herrmann,Stage & Screen
Bert Kaempfert & His Orchestra,Classical
Bert Ralton's Havana Band,Jazz
Bertie Higgins,SodaPop
"Beryl Reid, Barbara Windsor, Una Stubbs, Nicky Henson, Tudor Davies (2), Peter Gale, Audrey Fahey, Mike Sammes, Mike Sammes Singers, Chris Walker & His Orchestra",Stage & Screen
Bessie Smith,Blues
Bette Midler,Vocal
Better Oblivion Community Center,SodaPop
Betty Boo,Rap/Hip-hop
Betty Davis,Riot Grrrl Pluse Sic
Bettye Swann,R&B
Bhai Tarlochan Singh Ragi,International
Bhi Bhiman,Folk
Bhoomi,International
Bhundu Boys,International
Bhupinder Singh,International
Big Bill Broonzy,Blues
"Big Bill Broonzy, Memphis Slim , And Sonny Boy Williamson",Blues
Big Brother & The Holding Company,BoogerJam
Big Freedia,Rap/Hip-hop
Big Joe Turner,Blues
Big Maybelle,Blues
Big Star,PROTO
Big Thief,SodaPop
Bikini Kill,Riot Grrrl Pluse Sic
Bill Anderson (2),Billy
Bill Cosby,Billy
Bill Farrell,Billy
Bill Haley And His Comets,Billy
Bill Haley And The Saddlemen,Billy
Bill Hayes,Billy
Bill Monroe & His Blue Grass Boys,Billy
Bill Rice,Billy
Bill Withers,Billy
Billie Eilish,Billy
Billie Holiday,Billy
Billie Jo Spears,Billy
Billy Bragg,Billy
Billy Bragg & Wilco,Billy
Billy Eckstine,Billy
"Billy Eckstine, Sarah Vaughan",Billy
Billy Idol,Billy
Billy Joel,Billy
Billy Mure And Orchestra,Billy
Billy Ocean,Billy
Billy Preston,Billy
Billy Ray (16),Billy
Billy Squier,Billy
Billy Strings,Billy
Billy Thorpe,Billy
Billy Vaughn,Billy
Bing Crosby,Holiday
Bing Crosby,Vocal
Bing Crosby & Louis Armstrong,Vocal
Bing Crosby And The Andrews Sisters With Vic Schoen And His Orchestra,Vocal
Bing Crosby And The The Andrews Sisters With Vic Schoen And His Orchestra,Holiday
Bing Crosby And The The Andrews Sisters With Vic Schoen And His Orchestra,Vocal
Bing Crosby With John Scott Trotter And His Orchestra,Holiday
Bingtown Brass Band & Others,Childrens
Bishop Billy Robinson And The Garden Of Prayer Cathedral Choir,Religious
Bismillah Khan,International
Bix Beiderbecke,Jazz
Bjork,SingSong
Black Flag,Ska/Punk/Reggae
Black Ivory,R&B
Black Oak Arkansas,BoogerJam
Black Rebel Motorcycle Club,PsychPaisley
Black Sabbath,Metal
Blackberry Smoke,AtlantaVerse
Blackstreet,R&B
Blancmange,SodaPop
Blaze Foley,SingSong
Blind Lemon Jefferson,Blues
Blind Willie McTell,Blues
Blink-182,Ska/Punk/Reggae
Blondie,Ska/Punk/Reggae
"Blood, Sweat And Tears",PsychPaisley
Blue Ash,R&B
Blue Magic,R&B
Blue øyster Cult,Metal
Blues Magoos,PsychPaisley
Bo Diddley,PROTO
"Bo Diddley, Little Walter, Muddy Waters",PROTO
Bob & Doug McKenzie,Sound/Spoken/Comedy
Bob Dylan,Wilburys
Bob Dylan & The Band,Wilburys
Bob Dylan / The Band,Wilburys
Bob Geldof,SodaPop
Bob Marley & The Wailers,Ska/Punk/Reggae
Bob Newman,Billy
Bob Seger,SingSong
Bob Seger And The Silver Bullet Band,SingSong
Bob Wallis And His Storyville Jazzmen,Jazz
Bob Wills & His Texas Playboys,Billy
Bobby (Boris) Pickett And The Crypt-Kickers,Billy
Bobby Bare,SingSong
Bobby Bare And The Family,SingSong
Bobby Darin,SodaPop
Bobby Mitchell (2),R&B
Bobby Rydell,SodaPop
Bobby Vee,R&B
Bobby Womack,R&B
Body/Head,Mini Garage
Bomba Estûˋreo,International
Boney M.,GLAM
Bonnie Lou,Country
Bonnie Tyler,SingSong
Boogarins,PsychPaisley
Booker T & The MG's,R&B
Boots Randolph,Billy
Bootsy's New Rubber Band,GeorgeClintonFam
Bootsy's Rubber Band,GeorgeClintonFam
Boredoms,International
Boston,SodaPop
Bow Wow Wow,SodaPop
Box Tops,SodaPop
Boyd Rivers,Blues
boygenius,SingSong
Boz Scaggs,SodaPop
Brand Nubian,Rap/Hip-hop
Bread,SodaPop
Brenda Lee,Billy
Brian Eno,PROTO
Brian Eno & Beatie Wolfe,PROTO
Brian Ritchie,Billy
Brian Wilson,PROTO
Brick,AtlantaVerse
Brides Of Funkenstein,GeorgeClintonFam
Brother Joe May,Religious
Brothers Osborne,Country
Brown Bag Blues Band,Blues
Brownie McGhee,Blues
Brownsville Station,GLAM
Bruce McCulloch,Sound/Spoken/Comedy
Bruce Springsteen,Super
"Bruno Walter, Columbia Symphony Orchestra",Classical
"Bruno Walter, Franz Schubert, London Symphony Orchestra",Classical
Brute (2),AtlantaVerse
Bryan Adams,SodaPop
Bubba Sparxxx,Rap/Hip-hop
Buck Owens,Country
Buck Owens And His Buckaroos,Country
"Buck Owens, Tennessee Ernie Ford",Country
Bud And Travis,Folk
Buddy Clark (3),Vocal
Buddy Guy,Blues
Buddy Holly,Billy
Buddy Knox With The Rhythm Orchids,SodaPop
Buddy Rich And Alla Rakha,Jazz
Budhaditya Mukherjee,International
Buena Vista Social Club,International
Buffalo Springfield,NYCSN
Built To Spill,SodaPop
Bulu (2),International
Burl Ives,Folk
Busta Rhymes,Rap/Hip-hop
Busta Rhymes Featuring P. Diddy & Pharrell Williams,Rap/Hip-hop
"Busta Rhymes, Chingy, Fat Joe And Nick Cannon",Rap/Hip-hop
Butthole Surfers,Ska/Punk/Reggae
C. Ramchandra,International
C.W. McCall,Billy
Cab Calloway,Jazz
Cab Calloway And His Orchestra,Jazz
Cage The Elephant,SodaPop
Camel,PROTO
Cameo,R&B
Camila Cabello,SodaPop
Camper Van Beethoven,Ska/Punk/Reggae
Camper Van Beethoven / Cracker,Ska/Punk/Reggae
Candi Staton,R&B
Cannibal & The Headhunters,SodaPop
Cannonball Adderley,Jazz
"Capella Antiqua Mû¥nchen, Konrad Ruhland",Classical
Captain Beefheart,Antelope Valley
Captain Beefheart & The Magic Band,Antelope Valley
Captain Beefheart And The Magic Band,Antelope Valley
Captain Beyond,Metal
Captain Sensible,Ska/Punk/Reggae
"Carl Berg, Various",Stage & Screen
"Carl Orff ã Gundula Janowitz ã Gerhard Stolze ã Dietrich Fischer-Dieskau, Chor Der Deutschen Oper Berlin Und Orchester Der Deutschen Oper Berlin, Eugen Jochum",Classical
Carl Perkins,Billy
"Carl Philipp Emanuel Bach, Ars Rediviva Ensemble",Classical
Carl Sandburg,Sound/Spoken/Comedy
Carl Tipton,Country
Carlini's World Of Strings,Stage & Screen
"Carlo Gesualdo / Robert Craft, The Gesualdo Madrigal Singers",Classical
Carlos Santana & John McLaughlin,BoogerJam
Carly Simon,SingSong
Carole King,SingSong
Caspar Babypants,Childrens
Cat Power,AtlantaVerse
Cat Stevens,SingSong
Caterina Valente With Stanley Black & His Orchestra,Vocal
Caterina Valente With Werner Mû¥ller Und Sein Orchester,Vocal
Cavetown,SingSong
Cecil Campbell's Tennessee Ramblers,Billy
Cecil Taylor,Jazz
Cee-Lo,Rap/Hip-hop
Chairmen Of The Board,R&B
Chaka Khan,R&B
Chance The Rapper,Rap/Hip-hop
Chaotic Dischord,Ska/Punk/Reggae
Chappell Roan,GLAM
Charles Brown,Blues
Charles Brown / Amos Milburn,Blues
Charles Lloyd,Jazz
Charles Mingus,Jazz
Charley Crockett,Country
Charley Patton,Blues
Charley Pride,Billy
Charlie Byrd,Jazz
Charlie Daniels,Country
Charlie Louvin,Country
Charlie Monroe & His Kentucky Pardners,Billy
Charlie Parker,Jazz
Charlie Parr,SingSong
Charlie Spivak And His Orchestra,Jazz
Charo,SodaPop
Cheap Trick,Mini Garage
Cheech & Chong,Sound/Spoken/Comedy
Cher,Super
Cherry Vanilla,GLAM
Chet Atkins,Billy
Chet Atkins And Hank Snow,Billy
Chet Baker Quartet,Jazz
Chi Coltrane,Jazz
Chic,R&B
Chicago (2),SodaPop
Chick Corea,Jazz
Chick Webb,Jazz
Childish Gambino,Rap/Hip-hop
Chowder Shouters,AtlantaVerse
Chris Hillman,Country
Chris Kenner,Jazz
Chris Montez,SodaPop
Chris Rea,SodaPop
Chris Thile,Folk
Christian Travelers,SodaPop
"Christone ""Kingfish"" Ingram",Blues
Chubby Checker,R&B
Chuck Berry,PROTO
Chuck Brown And Eva Cassidy,Jazz
Chuck Reed (3),SodaPop
Chuck Wagon Gang,Country
Chuck Willis,R&B
Cindy Lee,SodaPop
Circle Jerks,Ska/Punk/Reggae
Cirque Du Soleil,Stage & Screen
City Boy,PsychPaisley
Clairo (2),SingSong
Clara Ward,Religious
Clara Ward And Ward Singers,Religious
"Clarence ""Gatemouth"" Brown",Blues
Clark Dennis,Vocal
Clark Terry,Jazz
Claude Cloud And His Thunderclaps,SodaPop
Cliff Nobles,R&B
Cliffie Stone And His Hometown Jamboree Gang,Country
Clifford Brown,Jazz
Clifton Chenier,R&B
Clipse,Rap/Hip-hop
Clobber,AtlantaVerse
Clutch,Metal
Clyde McPhatter,R&B
Coleman Hawkins,Jazz
"Collegium Aureum, Elly Ameling",Classical
Commander Cody And His Lost Planet Airmen,BoogerJam
Compay Segundo,International
Conan Gray,SingSong
Connie Dee / Charlie Jarrett,Vocal
Connie Francis,Country
Conway Twitty,Country
Cootie Stark,Blues
Coro De Monjes Del Monasterio De Santo Domingo De Silos,International
Count Basie,Jazz
Count Basie Orchestra,Jazz
Country Joe And The Fish,BoogerJam
Cowboy Copas,Billy
Cracker,Ska/Punk/Reggae
Crass,Ska/Punk/Reggae
Cream,Super
Cream (2),Super
Creedence Clearwater Revival,PsychPaisley
Creedle,PROTO
Creedle / Deadbolt,PROTO
Cripple Clarence Lofton,Blues
Cris Williamson,Riot Grrrl Pluse Sic
Crosby & Nash,NYCSN
"Crosby, Stills & Nash",NYCSN
"Crosby, Stills, Nash & Young",NYCSN
Curtis Mayfield,R&B
Cutie Karen LaMonte / Honey Gabore,SodaPop
Cyndi Lauper,PROTO
Cypress Hill,Rap/Hip-hop
Daft Punk,Electronic
Dale Hawkins,Billy
Daliah Lavi,International
Dan Deacon,Electronic
Dan Zanes And Friends,Childrens
Danger Doom,Rap/Hip-hop
Danger Mouse,Rap/Hip-hop
"Daniel Barenboim / Itzhak Perlman / Pinchas Zukerman / Johann Sebastian Bach, English Chamber Orchestra",Classical
Daniel Johnston,SingSong
Danny Elfman,Ska/Punk/Reggae
Danny Kaye (2),Childrens
Danzig,Metal
Dash Rip Rock,AtlantaVerse
Dave Alvin,Billy
Dave Edmunds & Love Sculpture,SodaPop
Dave Mason,SodaPop
Dave Matthews Band,BoogerJam
David Allan Coe,Country
David Bowie,GLAM
David Byrne,GLAM
David Crosby,NYCSN
David Dee (3),Blues
David Fanshawe,Classical
"David Frost Presents Mark Wynter, Joan Turner, John Moffat, John Gower, Rosemary Parker, Mike Sammes Singers, Leslie Phillips (2), Geoff Love & His Orchestra",Stage & Screen
"David Holland Quartet - Dave Holland, Sam Rivers, Anthony Braxton, Barry Altschul",Jazz
David Holt (5),Folk
"David Longstreth, Dirty Projectors, Stargaze (4)",Electronic
David Lowery,SingSong
David Munrow & The Early Music Consort Of London,Classical
"David Munrow / Georg Philipp Telemann, Giuseppe Sammartini, Georg Friedrich HûÊndel",Classical
"David Munrow, The Early Music Consort Of London",Classical
"David Oistrach , The Philadelphia Orchestra / Eugene Ormandy, Jean Sibelius",Classical
"David Oistrach, Hans Pischner, Johann Sebastian Bach",Classical
"David Oistrach, Mstislav Rostropovich, Sviatoslav Richter, Herbert von Karajan, Berliner Philharmoniker, Ludwig van Beethoven",Classical
"David Oistrach, Sviatoslav Richter / Johannes Brahms / Sergei Prokofiev",Classical
"David Oistrach, Wolfgang Amadeus Mozart, Johannes Brahms, Pyotr Ilyich Tchaikovsky, Staatskapelle Dresden, Franz Konwitschny",Classical
David Peel & The Lower East Side,Sound/Spoken/Comedy
David Rose & His Orchestra,Classical
David Rose & His Orchestra / Artie Shaw And His Orchestra,Classical
David Ruffin,R&B
David Sedaris,Sound/Spoken/Comedy
David Seville And The Chipmunks,Childrens
De La Soul,Rap/Hip-hop
Dead Kennedys,Ska/Punk/Reggae
Deadly Venoms,Rap/Hip-hop
Deafheaven,Metal
Dean Martin,Vocal
Death Cab For Cutie,SodaPop
Death Pill,Riot Grrrl Pluse Sic
Debabrata Biswas,International
Deep Purple,Metal
Deerhunter,AtlantaVerse
Def Squad Presents Erick Onasis & Slick Rick,Rap/Hip-hop
Deftones,Metal
Degung Orchestra,International
Dehd,SodaPop
Deke Dickerson & The Ecco-Fonics,Billy
Del Marino,Vocal
Del Shannon,SodaPop
Dele Abiodun,International
Della Reese,Jazz
Dengue Fever,SodaPop
Denise LaSalle,R&B
Des Demonas,Ska/Punk/Reggae
Devo,PROTO
Dewey Redman,Jazz
Dex Romweber Duo,Billy
Dexter Gordon,Jazz
Dexter Romweber,Billy
Diana King,Ska/Punk/Reggae
Diana Ross & Marvin Gaye,R&B
"Dick ""Two Ton"" Baker And His Music Makers",Jazz
Dick Clark (2),SodaPop
Dick Dale,PROTO
Dick Haymes,Vocal
Dickey Lee,Country
Dickie Goodman,Country
Digital Underground,Rap/Hip-hop
Dijon (7),R&B
Dinah Washington,Blues
Dinah Washington,Jazz
Dinosaur Jr.,SodaPop
Dire Straits,SodaPop
"Dirk Powell, Tim O'Brien (3), John Herrmann (2)",Country
Dirt,AtlantaVerse
Disneyland Boys Choir,Childrens
Divinyls,SodaPop
Dizzy Gillespie,Jazz
Dizzy Gillespie Quintet,Jazz
DJ Cleo,Billy
DJ Jazzy Jeff & The Fresh Prince,Rap/Hip-hop
Django Reinhardt,Jazz
Django Reinhardt & Stûˋphane Grappelli With Quintette Du Hot Club De France,Jazz
"Django Reinhardt, Stûˋphane Grappelli",Jazz
Dobet Gnahore,International
Doc Tommy Scott's Snake Oil Band,Billy
Doc Watson,Folk
Doc Watson & David Holt (5),Folk
Doc Watson & Merle Watson,Folk
Doc Watson And Clarence Ashley,Folk
Doechii,Rap/Hip-hop
Dolly Parton,Riot Grrrl Pluse Sic
Don Cherry,R&B
Don Cherry (2),R&B
Don Covay,R&B
Don Henley,SodaPop
Don Imus,Sound/Spoken/Comedy
Don McLean,SingSong
Don Pablo's Animals,Electronic
Don Reeve (2),Electronic
Don Williams (2),Country
Donald Byrd,Jazz
Donald Vails And The Voices Of Deliverance,Religious
Donna Summer,R&B
Donnie & Joe Emerson,Mini Garage
Donny Osmond,Vocal
Donovan,British Invasion
Dope Saint Jude,Rap/Hip-hop
Doros (2),International
Dorothy Collins,Vocal
"Dorothy Love Coates And Her Singers Of Birmingham, Alabama",Religious
Dorothy Moore,R&B
Dottie West,Country
Doug Clark & The Hot Nuts,Jazz
Dr. Alimantado,Ska/Punk/Reggae
Dr. Buzzard's Original Savannah Band,R&B
Dr. C. J. Johnson,Religious
Dr. Charles G. Hayes And The Cosmopolitan Church Of Prayer Choir,Religious
Dr. Dre,Rap/Hip-hop
Dr. Hook & The Medicine Show,Billy
Dr. John,R&B
"Dr. Martin Luther King, Jr.",Sound/Spoken/Comedy
Drive-By Truckers,AtlantaVerse
Drivin' N' Cryin',AtlantaVerse
Drunken Master (5),Rap/Hip-hop
Duane Eddy And The Rebels,Billy
"Duane Eddy, Duane Eddy And The Rebels Featuring The Rebelettes",Billy
Dub Specialist,Ska/Punk/Reggae
Dudu Pukwana,International
Duke Ellington,Jazz
Duke Ellington ãÂ Charles Mingus ãÂ Max Roach,Jazz
Duke Ellington And His Orchestra,Jazz
Duke Ellington And Johnny Hodges,Jazz
Dukes Of Dixieland,Jazz
Dwight Yoakam,SingSong
Dylan Thomas,Sound/Spoken/Comedy
E.U.,Rap/Hip-hop
Eagles,PROTO
Eagles Of Death Metal,Metal
Earl 'Connelly' King,R&B
Earl Fuller's Famous Jazz Band,Jazz
Earl Grant,Jazz
Earl King,R&B
Earl Scruggs,Billy
Earl Scruggs And The Earl Scruggs Revue,Billy
Earl Scruggs Revue,Billy
"Earth, Wind & Fire",R&B
Eartha Kitt,Vocal
Eartha Kitt With Henri Renûˋ And His Orchestra,Vocal
Easy Going,Electronic
Echo & The Bunnymen,SodaPop
Ed Jordan And Alan Glass,Childrens
"Ed Jordan, Alan Glass",Childrens
Ed Sullivan,Stage & Screen
Eddie 9V,AtlantaVerse
Eddie Calvert,Jazz
Eddie Cochran,Billy
Eddie Gale,Jazz
Eddie Peabody,Jazz
Eddie Smith And The Chief,Jazz
Eddy Arnold,Country
Eddy Arnold And His Tennessee Plowboys,Country
Edmundo Ros And His Rumba Band,Vocal
Edwin Hawkins Singers,R&B
Edwin Starr,R&B
Eels,Electronic
Eiichi Ohtaki,International
El Rego Et Ses Commandos,International
Electric Light Orchestra,Wilburys
Electric Six,Mini Garage
Elephant Gym,International
Elisabeth Schwarzkopf,Holiday
Elizabeth Mitchell,Childrens
Ella Fitzgerald,Jazz
Ella Fitzgerald & Oscar Peterson,Jazz
Ella Fitzgerald And Count Basie,Jazz
Ella Fitzgerald And Duke Ellington,Jazz
"Ella Fitzgerald, Count Basie, Joe Williams",Jazz
Ella Jenkins,Childrens
Elliott Smith,SingSong
Elmore James,Blues
Elton John,GLAM
Elvin Bishop,Blues
Elvis Costello,PROTO
Elvis Costello,SingSong
Elvis Costello & The Attractions,PROTO
Elvis Costello & The Attractions,SingSong
Elvis Costello Featuring The Attractions And The Confederates,SingSong
Elvis Presley,Billy
"Emerson, Lake & Palmer",BoogerJam
"Emil Gilels, George Szell, The Cleveland Orchestra / Ludwig van Beethoven",Classical
Eminem,Rap/Hip-hop
Emmylou Harris,Riot Grrrl Pluse Sic
Emo Philips,Sound/Spoken/Comedy
Enchantment,R&B
English Teacher,SodaPop
Eno Hyde,PROTO
Enoch Light And The Light Brigade,Jazz
Ensemble Instrumental National Du Mali,International
Epik High,Rap/Hip-hop
Erasure,SodaPop
Eric Andersen (2),Folk
Eric B. & Rakim,Rap/Hip-hop
Eric Carmen,SodaPop
Eric Church,Country
Eric Clapton,Super
"Ernest Bloch, Musical Arts Quartet",Classical
Ernest Tubb,Country
Erroll Garner,Jazz
Ersel Hickey,Billy
Erykah Badu,R&B
Esy Grieco And His Orchestra,International
Ethel Smith And The Bando Carioca,International
Etta James,Blues
"Etta James, The Maxwell Davis Orchestra",Blues
Eugene Chadbourne,SingSong
Eugene Chadbourne With Camper Van Beethoven,SingSong
Eugene McDaniels,R&B
Eugene Record,R&B
Eumir Deodato,International
Eva Cassidy,Jazz
Evelyn King,R&B
Everly Brothers,PROTO
Eydie Gorme,Vocal
Fabian (6),SodaPop
Faces (3),SodaPop
Fair Cloth Barnes And Rev. Janice Brown,Religious
Fairport Convention,Folk
Falco,SodaPop
Faron Young,Country
Farrell Morris,Jazz
Fats Domino,PROTO
Fats Waller,Jazz
Fats Waller & His Rhythm,Jazz
Fausto Papetti,Jazz
Faye Webster,SingSong
Fayyaz Ahmed Khan & Niaz Ahmed Khan,International
Fear (3),Ska/Punk/Reggae
Fela Kuti,International
Fela Kuti & Africa 70,International
Fela Kuti And The Africa 70,International
Felix Mendelssohn-Bartholdy - Philharmonic-Symphony Orchestra Of New York Conducted By Dimitri Mitropoulos,Classical
"Felix Mendelssohn-Bartholdy / Berliner Philharmoniker, Herbert von Karajan",Classical
"Felix Mendelssohn-Bartholdy, Sir Thomas Beecham, Royal Philharmonic Orchestra",Classical
Felix the Cat (2) And Peter Pan Orchestra And Chorus,Childrens
Fenton Robinson,Blues
Ferde GrofÕ / George Gershwin - Arthur Fiedler / Boston Pops Orchestra,Classical
Ferlin Husky,Country
Fetchin Bones,AtlantaVerse
Fine Young Cannibals,SodaPop
Fiona Apple,SingSong
Firefall,SodaPop
fIREHOSE,Ska/Punk/Reggae
Fishbone,Ska/Punk/Reggae
Flap (4),AtlantaVerse
Flat Duo Jets,AtlantaVerse
Flat Duo Jets,Billy
Flatt & Scruggs,Billy
Flatt & Scruggs With The Foggy Mountain Boys,Billy
Fleet Foxes,SodaPop
Fleetwood Mac,Super
Flip Wilson With Special Guest David Frost,Sound/Spoken/Comedy
Florence + The Machine,SodaPop
Florry (2),Billy
Floyd Cramer,Country
Floyd Cramer,Holiday
Fontella Bass & Bobby McClure With Oliver Sain's Orchestra / Oliver Sain,R&B
Foo Fighters,SodaPop
Four Tops,R&B
Foxy,R&B
Franco / Sam Mangwana Et Orchestre T.P.O.K. Jazz,International
Franco Et Orchestre T.P.O.K. Jazz,International
Frank Assunto 's The Dukes Of Dixieland,Jazz
Frank Barber Percussion Ensemble,Jazz
Frank Chacksfield & His Orchestra,Stage & Screen
Frank French (2) And Kevn Kinney,AtlantaVerse
Frank Froeba And His Boys,Jazz
Frank Hubbell (2) & The Village Stompers,Jazz
Frank Luther (2),Childrens
Frank Ocean,R&B
Frank Sinatra,Vocal
Frank Zappa,Antelope Valley
Frank Zappa & The Mothers,Antelope Valley
Frank Zappa / Captain Beefheart / The Mothers,Antelope Valley
"Frank Zappa, The Mothers",Antelope Valley
Frankie Laine,Vocal
Frankie Vaughan,Vocal
"Frans Br■ggen, Concentus Musicus Wien, Nikolaus Harnoncourt",Classical
"Frans Br■ggen, Georg Friedrich HûÊndel",Classical
Frans Van Bergen,Classical
Franz Ferdinand,SodaPop
"Franz Schubert - David Oistrach, Frida Bauer",Classical
Franz Schubert / Ludwig van Beethoven : Berliner Philharmoniker ôñ Herbert von Karajan,Classical
"Franz Schubert ã Elly Ameling, JûÑrg Demus",Classical
"Franz Schubert, Rudolf Serkin",Classical
Fred Astaire,Stage & Screen
Fred Hughes,R&B
Fred Schneider & The Shake Society,PROTO
Freddie Hart,Country
Freddie Hubbard,Jazz
Freddy Fender (2),Billy
Freddy Fender (2),Holiday
Freddy Martin And His Orchestra,Jazz
"FrÕdÕric Chopin, Martha Argerich",Classical
Freshlyground,International
Fripp & Eno,PROTO
Fugazi,Mini Garage
Fugees,Rap/Hip-hop
Funkadelic,GeorgeClintonFam
G.C. Cameron,R&B
Gabe Kaplan,Sound/Spoken/Comedy
Galactic And Irma Thomas,R&B
Gang Of Four,SodaPop
Garbage,SodaPop
Gary Saracho,Jazz
Gary Wright,PsychPaisley
Gateway Four / Bret Barnes And The Coasters Orchestra,R&B
Gcina Mhlophe,Childrens
Geese (11),SodaPop
Geeta Dutt,International
Gene Ammons & Dexter Gordon,Jazz
Gene Autry,Billy
"Gene Autry, Rosemary Clooney",Billy
Gene Krupa And His Orchestra,Jazz
Gene Simmons (2),Billy
Gene Vincent & His Blue Caps,Billy
Generation X (4),Ska/Punk/Reggae
Genesis,PsychPaisley
Genya Ravan,R&B
"Georg Friedrich HûÊndel - Heather Harper, Helen Watts, John Wakefield, John Shirley-Quirk, London Symphony Orchestra & London Symphony Chorus, Sir Colin Davis",Classical
"Georg Friedrich Handel - Heinz Holliger, English Chamber Orchestra, Kenneth Sillito, Raymond Leppard",Classical
"Georg Friedrich Handel - Janet Baker ãÂ Edith Mathis ãÂ Norma Burrowes, James Bowman (2) ãÂ David Rendall ãÂ Samuel Ramey, London Voices, English Chamber Orchestra, Raymond Leppard",Classical
"Georg Friedrich Handel, Collegium Aureum",Classical
"Georg Friedrich Handel, Elly Ameling, Halina Lukomska, Theo Altmeyer, Collegium Aureum",Classical
"Georg Friedrich Handel, Georg Philipp Telemann, Frans Brû¥ggen, Gustav Leonhardt, Anner Bylsma",Classical
Georg Philipp Telemann / Barthold Kuijken,Classical
"Georg Philipp Telemann / Giuseppe Torelli / Leopold Mozart / Joseph Haydn / Pierre Thibaud, Bamberger Symphoniker, Otto Gerdes",Classical
"Georg Philipp Telemann, Alice Harnoncourt ãÂ Kees Boeke ãÂ Wouter MûÑller ãÂ Bob van Asperen",Classical
"Georg Philipp Telemann, Orchestre Pro Arte De Munich, Kurt Redel",Classical
"Georg Philipp Telemann, The Academy Of St. Martin-in-the-Fields, Sir Neville Marriner",Classical
George & Ira Gershwin,Stage & Screen
George Benson,R&B
George Carlin,Sound/Spoken/Comedy
George Clinton & P-Funk All Stars,GeorgeClintonFam
George Duke,Jazz
George Duke,R&B
"George Gershwin, Aaron Copland, London Philharmonic Orchestra, John Pritchard",Stage & Screen
George Harrison,Wilburys
George Jones & Melba Montgomery,Country
George Jones & Tammy Wynette & Tina Byrd,Country
George Jones (2),Country
"George Szell, Alexander Borodin / Pyotr Ilyich Tchaikovsky / Nikolai Rimsky-Korsakov / Modest Mussorgsky, The Cleveland Orchestra",Classical
"George Szell, Franz Schubert, The Cleveland Orchestra",Classical
"George Szell, Pyotr Ilyich Tchaikovsky, The Cleveland Orchestra",Classical
"Georges Bizet / Sergei Prokofiev, The Academy Of St. Martin-in-the-Fields, Sir Neville Marriner",Classical
Georgie Auld,Jazz
Gerald V. Casale,PROTO
Germs,Ska/Punk/Reggae
Gerry Mulligan And His Sextet,Jazz
"Gerry Mulligan, Ben Webster",Jazz
Ghulam Ali,International
Ghulam Mustafa Khan,International
Ginger Baker's Air Force,Super
Ginny Tyler,Stage & Screen
Gipsy Kings,International
Girija Devi,International
Girl In Red,SodaPop
"Giuseppe Tartini / Johannes Brahms - David Oistrach, Frida Bauer",Classical
"Giuseppe Torelli / Giovanni Bononcini / Domenico Gabrielli / Andrea Grossi And Giacomo Antonio Perti, Don Smithers, I Musici",Classical
Gladys Knight And The Pips,R&B
Glen Campbell,Country
Glen Gray & The Casa Loma Orchestra,SodaPop
Glenn Miller And His Orchestra,Jazz
Glenn Reeves And His Rock-Billys,Billy
"Gloria Aguilar, Rudy ""Tee"" Gonzales",International
Gnarls Barkley,Rap/Hip-hop
Goat (22),International
Gojira,Metal
Golden Earring,SodaPop
Goldfinger,Ska/Punk/Reggae
Gong,PsychPaisley
Goose Creek Symphony,BoogerJam
Gorillaz,Rap/Hip-hop
"Gottfried Heinrich St—lzel, Georg Friedrich Handel, Joseph Haydn, Carl Stamitz - Dresdner Kammersolisten Dir. Marcel Bernard",Classical
Govind Prasad Jaipurwale,International
Grace Bowers & The Hodge Podge,Blues
Gracie Abrams,SodaPop
Graham Nash,NYCSN
Graham Parker And The Rumour,SodaPop
Gram Parsons,SingSong
Grand Funk Railroad,R&B
Grandmaster Flash,Rap/Hip-hop
Grandmaster Flash & The Furious Five Feat.: Melle Mel & Duke Bootee,Rap/Hip-hop
"Grandmaster Flash, Melle Mel & The Furious Five",Rap/Hip-hop
Grandpa Jones,Billy
Grant Green,Jazz
Grayson Capps,Blues
Green Day,Ska/Punk/Reggae
Green On Red,SodaPop
"Gregor Piatigorsky, Ludwig van Beethoven With Artur Schnabel / Johannes Brahms With Arthur Rubinstein",Classical
Grinderman,PROTO
Grover Mitchell (2),R&B
"Grover Washington, Jr.",Jazz
Guadalcanal Diary,AtlantaVerse
Guadalcanal Diary,SodaPop
"Guillaume Dufay - The Early Music Consort Of London, David Munrow",Classical
Guitar Gable & The Musical Kings,Blues
"Gulzar, Bhupinder Singh",International
Gustav Mahler / Fritz Reiner / Chicago Symphony Orchestra / Lisa Della Casa,Classical
"Gustav Mahler, Bruno Walter, Columbia Symphony Orchestra",Classical
"Gustav Mahler, Columbia Symphony Orchestra, Bruno Walter",Classical
"Guy Carawan, Alan Lomax, Rev. Ben Gay",Sound/Spoken/Comedy
Guy Willis And His The Oklahoma Wranglers,Country
H. Dean Kelley,Religious
H. J. Kuntry,Country
Ha Ha Tonka,SodaPop
Habib Koite & Bamada,International
Hackberry Ramblers,International
Hafiz Ahmed Khan,International
Hailu Mergia,International
Haim (2),SodaPop
Hal Croft,Country
"Hal Ross, The Les Morgan Orchestra",Jazz
Halsey,SodaPop
Hamper McBee,Sound/Spoken/Comedy
Hand Habits,SodaPop
Hank Ballard & The Midnighters,R&B
Hank Locklin,Country
Hank Mobley,Jazz
Hank Snow And His The Rainbow Ranch Boys,Country
Hank Thompson And His Brazos Valley Boys,Billy
Hank Williams,PROTO
Hank Williams Jr.,Country
Hank Williams With His Drifting Cowboys,PROTO
Hanni El Khatib,Mini Garage
Hante.,Electronic
Hardie Gramatky Read By Hans Conried,Childrens
Hariprasad Chaurasia,International
Hariprasad Chaurasia / Pandit Shiv Kumar Sharma,International
Harlan Howard,Country
Harold And Mary Jane LeCrone,Childrens
Harold Melvin And The Blue Notes,R&B
Harry Belafonte,Vocal
Harry Cool And His Orchestra,Jazz
Harry James And His Big Band,Jazz
Harry James And His Orchestra,Jazz
Harry Nilsson,SingSong
Harry Smith,Folk
Harvie June Van,Country
Haussein Shiekh And Radio Mogadisco Swahili Singers,International
Hayseed Dixie,Billy
Haysi Fantayzee,SodaPop
Heartless Bastards,Mini Garage
Heavy Trash,SodaPop
"Hector Berlioz - Concertgebouworkest, Sir Colin Davis",Classical
Helen Reddy,Country
Hem (2),SodaPop
"Hemant Kumar, Shakeel Badayuni",International
Henry Mancini,Jazz
Henry Mancini,Stage & Screen
Henry Mancini & Doc Severinsen,Stage & Screen
Henry Mancini And His Orchestra,Stage & Screen
Henry Rollins,Sound/Spoken/Comedy
Herb Alpert & The Tijuana Brass,Jazz
Herbi Hardt And His Jovial Jesters,Childrens
Herbie Hancock,Jazz
Herbie Mann,Jazz
Hermanos GutiÕrrez,International
Himangshu Biswas,International
Himangshu Biswas And Dulal Roy,International
Hindu Love Gods,AtlantaVerse
Hoa ááng,International
Hoagy Carmichael With The Chickadees (2) And Vic Schoen And His Orchestra,Vocal
Hoodoo Gurus,Mini Garage
Hop Along,SodaPop
Horace Silver,Jazz
Hot Lips Page,Jazz
Hot-Toddys,SodaPop
House Of Waters,SodaPop
Houston Person,R&B
Howdy Doody With Bob Smith (4) And The Howdy Doody Cast,Childrens
Howlin' Wolf,Blues
Hubcap City,AtlantaVerse
"Huey ""Piano"" Smith & His Clowns",R&B
Hugh Masekela,Jazz
Hugh Masekela With Bushmen Of The Kalahari,International
Hugo Blanco And Los Avila,International
Hugo Montenegro,Stage & Screen
Hugo Montenegro And His Orchestra,Stage & Screen
Hum,SodaPop
Human Sexual Response,Ska/Punk/Reggae
Husker Du,PROTO
I. Kadez / The Scotties,SodaPop
Ian Dury,Ska/Punk/Reggae
Ian Noe,Folk
Ian Tyson,Country
Ibrahim Ferrer,International
Idles,SodaPop
"Igor Kipnis , Wolfgang Amadeus Mozart / Joseph Haydn, The London Strings ôñ Sir Neville Marriner",Classical
Ihsan al Munzer,International
Ike & Tina Turner,R&B
Ilegales,Ska/Punk/Reggae
Imagine Dragons,SodaPop
Inez Andrews,Religious
Inhaler (12),Metal
Interpol,SodaPop
INXS,Super
Irene Cara,SodaPop
Irma Thomas,R&B
Iron Maiden,Metal
Isaac Hayes,R&B
"Ivan Tors, Luke Halpin (2)",Childrens
Ivanildo Josûˋ Da Silva,International
J.S. Ondara,SodaPop
J.T. Adams And The Men Of Texas,Country
Jack Cardwell,Country
Jack Greene,Country
Jack Logan,Mini Garage
Jack Wilson,Jazz
Jackie Lee,R&B
Jackie McLean,Jazz
Jackie Wilson,R&B
Jackson Browne,SingSong
Jaco Pastorius,Jazz
Jagjit & Chitra Singh,International
"Jagjit Singh, Sudha Malhotra",International
"Jaidev, Sahir Ludhianvi",International
Jaki Byard,Jazz
Jaki Byard Trio,Jazz
Jakob Dylan,SodaPop
James Blood Ulmer,Jazz
James Brown,PROTO
James Brown,R&B
James Brown & The Famous Flames,PROTO
James Galway & Kyung-Wha Chung With Phillip Moll And Moray Welsh - Johann Sebastian Bach,Classical
James Govan,R&B
James Last,Vocal
James Last & His Hammond Bar Combo,Vocal
James Moody,Jazz
James Talley,Country
James Taylor (2),SingSong
Janelle MonÃe,Rap/Hip-hop
Janis Joplin,PROTO
Janis Martin (2),Billy
Japanese Breakfast,SodaPop
Jason & The Scorchers,Billy
Jason Isbell,AtlantaVerse
Jason Isbell And The 400 Unit,AtlantaVerse
Jay Lee Webb,Country
Jaya Bose And Himangshu Biswas,International
Jay-Z Featuring Ja Rule & Amil,Rap/Hip-hop
Jean Ritchie And Doc Watson,Folk
Jean Shepard,Country
"Jean-Baptiste Loeillet, Jacob Jan Van Eyck, Georg Philipp Telemann, FranûÏois Couperin, Robert Carr (3), Johann Christoph Pepusch",Classical
Jeannie C. Riley,Billy
Jean-Pierre Rampal - Johann Sebastian Bach,Classical
"Jean-Pierre Rampal, Eugenia Zukerman, Pinchas Zukerman With Charles Tunnell - Johann Christian Bach / Wilhelm Friedemann Bach / Wilhelm Friedrich Ernst Bach",Classical
"Jean-Pierre Rampal, Georg Friedrich Handel, Robert Veyron-Lacroix",Classical
Jeff Beck,British Invasion
"Jeff Beck, Johnny Depp",British Invasion
Jeff Buckley,SingSong
Jeff Buckley & Gary Lucas,SingSong
Jefferson Airplane,BoogerJam
Jefferson Airplane,PsychPaisley
Jefferson Starship,SodaPop
Jelly Roll Morton,Jazz
Jenny Hval,Electronic
Jenny Lewis,SingSong
Jerry Butler,R&B
Jerry Clower,Sound/Spoken/Comedy
Jerry Lee Lewis,Billy
Jerry Murad's Harmonicats,SodaPop
Jerry Reed,Billy
Jerry Wallace,Country
Jesse Fuller,AtlantaVerse
Jessi Colter,Country
Jessie Matthews (2) With Jon Pertwee & Enid Heard,Childrens
Jethro Tull,BoogerJam
Jim Backus,Holiday
Jim Croce,SingSong
Jim Reeves,Country
Jimi Hendrix,BoogerJam
Jimi Hendrix,PROTO
Jiminy Cricket,Childrens
Jimmie Rodgers,Country
Jimmie Rodgers (2) With The Hugo Peretti Orchestra,Country
Jimmy Boyd,Country
Jimmy Buffett,SingSong
Jimmy Cliff,Ska/Punk/Reggae
Jimmy Dean,Country
Jimmy Dorsey And His Orchestra,Jazz
Jimmy Haynie,Country
Jimmy Lee Fautheree,Country
Jimmy McCracklin,R&B
Jimmy McGriff Organ And Blues Band,Jazz
Jimmy Reed,Country
Jimmy Scott,R&B
Jimmy Smith,Jazz
Jimmy Soul,R&B
Jiro Inagaki & Chuck Rainey Rhythm Section,Jazz
JJ Grey & Mofro,Blues
Jo Stafford,Vocal
Jo Stafford With Paul Weston And His Orchestra / Jo Stafford With Paul Weston And His Orchestra & The Norman Luboff Choir,Vocal
Joan Armatrading,SingSong
Joan Jett,Riot Grrrl Pluse Sic
Joan Jett & The Blackhearts,Riot Grrrl Pluse Sic
Joanna Newsom,SingSong
Joe Cocker,British Invasion
Joe Hayman (2),Jazz
Joe Henderson,Jazz
Joe Hisaishi,Stage & Screen
Joe Jackson,SingSong
Joe Lewis (3),Country
Joe Maphis,Billy
Joe Morris Orchestra Featuring Al Savage,Jazz
Joe Pass,Jazz
Joe Strummer,SingSong
Joe Strummer & The Mescaleros,SingSong
Joe Tex,R&B
Joe Turner & His Blues Kings,Blues
Joe Venuti And Zoot Sims,Jazz
Joe Walsh,Super
Joey Dee & The Starliters,SodaPop
Joey Valence & Brae,Rap/Hip-hop
"Johann Pachelbel, Orchestre De Chambre Jean-FranÓois Paillard",Classical
Johann Sebastian Bach,Classical
"Johann Sebastian Bach - Concentus Musicus Wien, Alice Harnoncourt, Jû¥rg Schaeftlein, Herbert Tachezi, Nikolaus Harnoncourt",Classical
"Johann Sebastian Bach - Frans Brû¥ggen, Gustav Leonhardt, Anner Bylsma",Classical
"Johann Sebastian Bach - Heinz Holliger, The Academy Of St. Martin-in-the-Fields, Iona Brown",Classical
"Johann Sebastian Bach - Martin Galling, Helmuth Rilling, Rolf Reinhardt",Classical
Johann Sebastian Bach - Nikolaus Harnoncourt,Classical
"Johann Sebastian Bach - Philomusica Of London, Thurston Dart",Classical
"Johann Sebastian Bach / Antonio Vivaldi - Arthur Grumiaux, Koji Toyoda, Heinz Holliger, Edo De Waart",Classical
"Johann Sebastian Bach / David Oistrach Und Igor Oistrach - Moscow Chamber Orchestra , Dirigent Rudolf Barshai",Classical
"Johann Sebastian Bach, Concentus Musicus Wien ôñ Nikolaus Harnoncourt",Classical
"Johann Sebastian Bach, Concentus Musicus Wien, Nikolaus Harnoncourt",Classical
"Johann Sebastian Bach, Don Smithers, William Neil, Clarion Consort",Classical
"Johann Sebastian Bach, George Malcolm, Yehudi Menuhin Conducting Menuhin Festival Orchestra With David Munrow & John Turner (5)",Classical
"Johann Sebastian Bach, Mû¥nchener Bach-Orchester, Nû¥rnberger Symphoniker",Classical
"Johann Sebastian Bach, Milan Munclinger, Josef HûÀla, FrantiéÀek SlûÀma",Classical
"Johann Sebastian Bach, Nikolaus Harnoncourt",Classical
"Johann Sebastian Bach, Orchestre Pro Arte De Munich Under The Direction Of Kurt Redel, Robert Veyron-Lacroix",Classical
Johann Strauss Jr.,Classical
Johann Strauss Jr. - Wiener Philharmoniker,Classical
"Johannes Brahms - Bruno Walter, Columbia Symphony Orchestra",Classical
"Johannes Brahms - Emil Gilels, Berliner Philharmoniker, Eugen Jochum",Classical
Johannes Brahms / Nathan Milstein / Philharmonia Orchestra / Anatole Fistoulari,Classical
"Johannes Brahms, Bruno Walter, Columbia Symphony Orchestra",Classical
"Johannes Brahms, Columbia Symphony Orchestra, Bruno Walter",Classical
"John A. Richards, Cliff ""Ukulele Ike"" Edwards, Three Beaus & A Peep, Norman Leyden, Henri Renûˋ, Frank Milano",Childrens
John Bird,Sound/Spoken/Comedy
John Cale,PROTO
John Coltrane,Jazz
John Cougar Mellencamp,SingSong
John Denver,SingSong
John Denver And The Muppets,Stage & Screen
John Jackson (4),Blues
John Lee Hooker,Blues
John Lennon,SingSong
John Lennon & Yoko Ono,SingSong
John Linnell,Childrens
John Mayall,British Invasion
John Mayall & The Bluesbreakers,British Invasion
John McCutcheon,Folk
John Paul Hammond,Blues
John Prine,SingSong
John Steel (7) / Henry Burr,SodaPop
John Williams (4),Classical
"John Williams (4), London Symphony Orchestra",Classical
John Williams (7),Classical
Johnnie And Jack,Billy
Johnnie Proby,AtlantaVerse
Johnnie Ray With Joe Reisman And His Orchestra,Vocal
Johnnie Taylor,R&B
"Johnny Ace, Johnny Board & Orch.",R&B
Johnny Cash,Cash-Carter Fam
Johnny Cash & Jerry Lee Lewis,Cash-Carter Fam
Johnny Cash & The Tennessee Two,Cash-Carter Fam
Johnny Cash Accompanied By The Tennessee Three,Cash-Carter Fam
Johnny Cash With Carl Perkins And The Tennessee Three,Cash-Carter Fam
Johnny Crawford,Country
Johnny Dilks & His Visitacion Valley Boys,Billy
Johnny Hammond,Jazz
Johnny Holmes,Billy
Johnny Horton,Country
Johnny Maddox (2) And The Rhythmasters,Jazz
Johnny Mandel Orchestra,Jazz
Johnny Marr,PROTO
Johnny Mathis,Vocal
Johnny Mercer And The Pied Pipers With Paul Weston And His Orchestra / Johnny Mercer With Jo Stafford And Paul Weston And His Orchestra,Jazz
Johnny Mercer And The Pied Pipers With Paul Weston And His Orchestra / June Hutton And The Pied Pipers With Paul Weston And His Orchestra,Jazz
Johnny Paycheck,Country
Johnny Shines,Blues
Johnny Thunder,R&B
Jon & Robin And The In Crowd (3),Mini Garage
Jon Jarvis (2),Jazz
Jon Rauhouse,Country
Jon Wayne,SodaPop
Jonathan Richman,PROTO
Jonathan Richman & The Modern Lovers,PROTO
Joni Mitchell,SingSong
Joni Mitchell And The L.A. Express,SingSong
Jontavious Willis,AtlantaVerse
Joseph Haydn,Classical
Joseph Haydn - Collegium Aureum,Classical
Joseph Haydn - Fritz Reiner,Classical
Joseph Haydn - The Academy Of Ancient Music / Christopher Hogwood,Classical
"Joseph Haydn / Michael Haydn ; The Academy Of St. Martin-in-the-Fields, Sir Neville Marriner",Classical
Joseph Haydn / Quartett Collegium Aureum,Classical
Josephine James And Sister Bertha Robinson,Religious
Josh White,Blues
Joshua Redman,Jazz
Joshua Redman Quartet,Jazz
"Joshua Redman, Gabrielle Cavassa",Jazz
Jotin Bhattacharya,International
Journey,Super
Joy Division,SodaPop
Joybang!,AtlantaVerse
JR JR,SodaPop
Judas Priest,Metal
Judith Sephuma,International
Julia Lee & Her Boy Friends,Blues
Julian Lage,Jazz
Julio Iglesias,Vocal
Jungle Brothers,Rap/Hip-hop
Junior Walker & The All Stars,R&B
Jurassic 5,Rap/Hip-hop
J■rg Schaeftlein / Concentus Musicus Wien,Classical
Justin Roberts,Childrens
Justin Wilson,Sound/Spoken/Comedy
K Michelle Dubois,AtlantaVerse
Kacey Musgraves,SingSong
Kailash Kher & Kailasa,International
Kaina Castillo,SingSong
Kanda Bongo Man,International
Kansas (2),Super
Kanye West,Rap/Hip-hop
Kara Jackson,SingSong
Katie Webster,International
"Kay Armen, Bob Hannon, Danny O'Neil (3)",Vocal
Kay Kyser And His Orchestra,Jazz
Kay Starr And Tennessee Ernie Ford,Country
K-Dee,Rap/Hip-hop
Kelly Hogan,AtlantaVerse
Kelly Hogan & The Pine Valley Cosmonauts,AtlantaVerse
Kelsey Lu,R&B
Ken Griffin (2),SodaPop
Kendrick Lamar,Rap/Hip-hop
Kenny Baker (4) & Josh Graves,Country
Kenny Burrell,Jazz
Kenny G (2),Jazz
Kenny Rogers,Country
Kenny Rogers & The First Edition,PsychPaisley
Kenny Wheeler,Jazz
Kerry King (2),Metal
Kersi Mistry,International
Ketty Lester,R&B
Kevin Ayers - John Cale - Brian Eno - Nico (3),PROTO
Kevn Kinney,AtlantaVerse
"Khan Bandhu, Mohammad Sayeed Khan, Ustad Mohammad Rashid Khan",International
"Khayyam, Sahir Ludhianvi",International
Kid Cudi,Rap/Hip-hop
Kid King's Combo,Blues
Kid Ory And His Creole Jazz Band,Jazz
Kid Thomas And His Algiers Stompers,Jazz
Kid Thomas Valentine,Jazz
Kim Fowley,SodaPop
King Crimson,PsychPaisley
King Curtis,Jazz
King Curtis,R&B
King Curtis & Champion Jack Dupree,R&B
King Sunny Ade & His African Beats,International
Kings Road,SodaPop
Kingston Trio,Folk
Kinky Friedman,SingSong
Kirby Ladner,SodaPop
Kishori Amonkar,International
Kiss,GLAM
Kiss,SodaPop
"Kiss, Ace Frehley",SodaPop
"Kiss, Gene Simmons",SodaPop
"Kiss, Peter Criss",SodaPop
Kitty Craft,Electronic
Kitty Wells,Country
Kneecap (2),Rap/Hip-hop
Kool & The Gang,R&B
Korn,Metal
Kraftwerk,Electronic
Kris Kristofferson,Country
Kukl,Riot Grrrl Pluse Sic
Kurt Weill and Bertolt Brecht,Stage & Screen
Kurt Weill Text By Bertolt Brecht,Stage & Screen
"Kurt Weill, Bertolt Brecht",Stage & Screen
Kurtis Blow,Rap/Hip-hop
Kyuss,Metal
L. Subramaniam,Jazz
L. Subramaniam & Stephane Grappelli,Jazz
LaBelle,R&B
Labi Siffre,R&B
Ladysmith Black Mambazo,International
Lakshmi Shankar,International
Lalgudi Jayaraman & Amjad Ali Khan,International
Lambchop,Country
"Lambert, Hendricks & Ross",R&B
Lana Del Rey,SingSong
Larry Darnell,R&B
Larry Finnegan,Vocal
Larry Williams And His Band,Billy
Last Words,Ska/Punk/Reggae
Lata Mangeshkar & Talat Mahmood,International
Latin All Stars (2),Electronic
Laufey (2),Jazz
Laufey (2),Vocal
Laughing Hyenas,Metal
Laurie Anderson,Riot Grrrl Pluse Sic
Laurie Berkner,Childrens
Lauryn Hill,R&B
Laxmikant-Pyarelal,International
Le Tigre,GLAM
Leadbelly,Blues
Led Zeppelin,PROTO
Lee Morgan,Jazz
Lefty Frizzell,Country
Leith Stevens,Stage & Screen
Lena Horne,Vocal
Lenny Bruce,Sound/Spoken/Comedy
Leo Kottke,AtlantaVerse
Leo Parker,Jazz
Leon Bibb,SingSong
Leon Redbone,SingSong
Leon Russell,SingSong
Leon Russell & Marc Benno,SingSong
Leonard Cohen,SingSong
Leonard Finseth,International
"Leopold Mozart, Lutz Lansemann",Classical
"Lerner & Loewe / Vanessa Redgrave, Richard Harris",Stage & Screen
Les Brown And His Orchestra,Jazz
Les McCann & Eddie Harris,Jazz
Les Paul & Mary Ford,Country
Les Paul & Mary Ford / Les Paul,Country
Les Troubadours Du Roi Baudouin,International
"Lester ""Roadhog"" Moran & The Cadillac Cowboys",Billy
Lester Flatt,Billy
Lester Flatt & Mac Wiseman,Billy
Lester Wilson,R&B
Lester Young,Jazz
Lester Young & Harry Edison,Jazz
Let's Active,AtlantaVerse
Levon Helm,Wilburys
Liars,SodaPop
Lightnin' Hopkins,Blues
Lightning Bolt,Electronic
Link Wray And His Ray Men,Billy
Linkin Park,SodaPop
Linz Symphony Orchestra,Classical
Lionel Bart,Stage & Screen
Lionel Hampton,Jazz
Lionel Hampton And His Orchestra,Jazz
Lionel Richie,R&B
"Lipps, Inc.",Electronic
Little Feat,BoogerJam
Little Jimmy Dickens,Country
Little Richard,PROTO
Little Richard And His Band,PROTO
Little Walter,Blues
Liz Phair,Riot Grrrl Pluse Sic
LL Cool J,Rap/Hip-hop
Lloyd Price With Don Costa Orchestra,R&B
Loggins And Messina,SodaPop
Loleatta Holloway,R&B
"London Philharmonic Orchestra, Douglas Gamley",Classical
Lone Justice,Billy
Long John Baldry,Blues
Lonnie Glosson And His Railroad Playboys,Country
Lonnie Liston Smith / Ali Shaheed Muhammad & Adrian Younge,Jazz
Lord Kitchener,International
Loretta Lynn,Country
Los Lobos,Billy
Los Straitjackets,Billy
Lou Christie,SodaPop
Lou Monte With Hugo Winterhalter Orchestra,Billy
Lou Reed,GLAM
Lou Reed,PROTO
Loudon Wainwright III,SingSong
Louis Armstrong,Jazz
Louis Armstrong & Duke Ellington,Jazz
Louis Armstrong And His All-Stars,Jazz
Louis Armstrong And His Friends,Jazz
Lounge Lizards,Jazz
Love And Rockets,PROTO
Love Tractor,AtlantaVerse
Love Unlimited,R&B
"Love, Peace & Happiness",R&B
Lowell Fulson,Blues
"Lucas Ruiz de Ribayaz, The Harp Consort, Andrew Lawrence-King",Classical
Lucinda Williams,SingSong
Lucky Dube,International
Lucy Dacus,SingSong
Ludwig van Beethoven,Classical
Ludwig van Beethoven - Christoph Eschenbach - Berliner Philharmoniker ôñ Herbert von Karajan,Classical
"Ludwig van Beethoven - Christoph Eschenbach, London Symphony Orchestra . Hans Werner Henze",Classical
"Ludwig van Beethoven - Stephen Bishop (3), BBC Symphony Orchestra, Sir Colin Davis",Classical
"Ludwig van Beethoven : Yehudi Menuhin ãÂ Wilhelm FurtwûÊngler, Philharmonia Orchestra",Classical
"Ludwig van Beethoven, Alfred Brendel",Classical
"Ludwig van Beethoven, Columbia Symphony Orchestra, Bruno Walter",Classical
"Ludwig van Beethoven, Georg Solti",Classical
"Ludwig van Beethoven, Jean-Pierre Rampal, Alain Marion, Christian Lardûˋ, Paul Hongne, Robert Veyron-Lacroix",Classical
"Ludwig van Beethoven, Murray Perahia",Classical
"Ludwig van Beethoven, New Philharmonia Chorus, London Philharmonic Orchestra, Carlo Maria Giulini, Heather Harper, Janet Baker, Robert Tear, Hans Sotin",Classical
"Ludwig van Beethoven, Paul Badura-Skoda , Piano, Collegium Aureum",Classical
"Ludwig van Beethoven, Wilhelm Backhaus, Clemens Krauss, Wiener Philharmoniker",Classical
Lynn Anderson,Country
Lynyrd Skynyrd,BoogerJam
M83,Electronic
Ma Rainey,Blues
Mac Davis,Country
Mad Mike And The Maniacs,Mini Garage
Madan Mohan,International
Madeline Kenney,SingSong
Madness,Ska/Punk/Reggae
Magnapop,AtlantaVerse
Mahalia Jackson,Religious
Mahalia Jackson & Friends,Religious
Mahalia Jackson And The Falls-Jones Ensemble,Religious
"Mahlathini And The Mahotella Queens, Soul Brothers (2)",International
Major Lance,R&B
Mal Waldron,Jazz
Malcolm McLaren,PROTO
Malini Rajurkar,International
Mallard,Antelope Valley
Man Or Astro-Man?,AtlantaVerse
Manas Chakraborty,International
Mandingo Featuring Foday Musa Suso,International
Mandrill,R&B
Maneskin,GLAM
Manfred Mann's Earth Band,SodaPop
Manhar Udhas,International
"Manhar Udhas, Radha Saluja, Arun Amin",International
Manhattans,R&B
Mano Negra,Ska/Punk/Reggae
Mantovani,SodaPop
Mantovani And His Orchestra,SodaPop
Manu Dibango,International
Marc Bolan & T. Rex,GLAM
Marcia Ball,Blues
Margaret Whiting,Vocal
Margo Price,Country
Marie Knight And The Nightingales,Religious
Mario Lanza,Vocal
Marlo Thomas And Friends,Childrens
Martee Bradley,SodaPop
"Martha Argerich, Itzhak Perlman",Classical
Martha Reeves & The Vandellas,R&B
Martha Stewart (2),Vocal
Martha Tilton With Paul Weston And His Orchestra,Vocal
Martin Denny,Jazz
Martinho Da Vila,International
Marty Robbins,Country
Marv Johnson,R&B
Marvin Gaye,R&B
Marvin Gaye & Tammi Terrell,R&B
Marvin Gaye / Tammi Terrell,R&B
Mary J. Blige,R&B
Mary Wells,R&B
Masayoshi Takanaka,Jazz
Masego,Electronic
Mason Dixon,R&B
Mass Production,R&B
Massive Attack,Electronic
Master P,Rap/Hip-hop
Mastodon,AtlantaVerse
Mathew Tembo And The Dark Black,International
Maurice & Mac,R&B
Maurice Andrûˋ,Classical
Maurice Chevalier,International
Maurice Jarre,Stage & Screen
Maurice Ravel : Berliner Philharmoniker / Pierre Boulez,Classical
Mavis Staples,Religious
Max Bygraves,Vocal
Max Steiner,Stage & Screen
Max Tannone,SodaPop
Maxine Nightingale,R&B
Maya Hawke,SingSong
Maybelle Carter,Cash-Carter Fam
Mazzy Star,PsychPaisley
MC5,PROTO
McCoy Tyner,Jazz
McCoy Tyner & Jackie McLean,Jazz
McGuire Sisters,R&B
Mdou Moctar,Metal
Meat Loaf,SodaPop
Meat Puppets,SodaPop
Meena Kumari,International
Melanie,SingSong
Melle Mel & Duke Bootee,Rap/Hip-hop
Melody's Echo Chamber,Folk
Melts,AtlantaVerse
Melvins,Metal
Members Of The Duke Ellington Orchestra,Jazz
Memphis Slim,Blues
Memphis Slim And The House Rockers,Blues
Men At Work,SodaPop
Mental As Anything,SodaPop
Mercury Rev,PsychPaisley
Merle Haggard,Country
Merle Lindsey & His Oklahoma Night Riders,Country
Merle Travis,Country
Merle Travis & Joe Maphis,Country
Metallica,Metal
Method Man,Rap/Hip-hop
MF Doom,Rap/Hip-hop
Michael Burrell (2),Sound/Spoken/Comedy
Michael Jackson,R&B
Michelle Malone And Drag The River (2),AtlantaVerse
michigander,SodaPop
Mick Harvey,PROTO
Micky Dolenz,Stage & Screen
Midnight Oil,SodaPop
Mighty Sparrow,International
Miirrors,Mini Garage
Mike Bloomfield / Al Kooper / Stephen Stills,Super
Mike Cross (4),Billy
Mike Watt,Ska/Punk/Reggae
Miles Davis,Jazz
Miles Davis And Milt Jackson,Jazz
Milt Jackson - Joe Pass - Ray Brown,Jazz
Milt Jackson & Coleman Hawkins,Jazz
Milt Jackson & John Coltrane,Jazz
Milt Jackson & Strings,Jazz
Minor Threat,Ska/Punk/Reggae
Minutemen,Ska/Punk/Reggae
Miriam Makeba,International
Misfits,PROTO
Missing Persons,SodaPop
Mission Of Burma,Ska/Punk/Reggae
Mitch Ryder & The Detroit Wheels,R&B
Mitski,SingSong
Miyuki Hatakeyama,International
moctar,SodaPop
"Modest Mussorgsky / Maurice Ravel / George Szell And The Cleveland Orchestra, Sviatoslav Richter",Classical
Molly Tuttle & Golden Highway,Billy
Molly Tuttle (2),Billy
Monophonics,R&B
Monsters Of Folk,SingSong
Moon Mullican And The Showboys,Country
Morphine (2),SodaPop
Morrissey,PROTO
Mort Garson,Electronic
Mory Kante,International
Motorhead,Metal
Mott The Hoople,GLAM
Mountain,BoogerJam
Mpemba Effect,International
Mr. Pickwick Players & Orchestra,Childrens
Mr. Pickwick Players & Orchestra,SodaPop
Mr. T (2),Stage & Screen
Mt. Joy,SodaPop
Muddy Waters,Blues
Mudhoney,Mini Garage
Mulatu Astatke,Jazz
Mulatu Astatke featuring Fekade Amde Maskal = Mulatu Astatke ÃÃÙ Fekade Amde Maskal,Jazz
Munawar Ali Khan,International
Murder By Death,Country
Murder By Death,SodaPop
"Murray Dickie, John Pritchard",Classical
mxmtoon,SodaPop
My Bloody Valentine,SodaPop
My Chemical Romance,SodaPop
"Mychael Danna, Various",Stage & Screen
Myron Cohen,Sound/Spoken/Comedy
N.W.A.,Rap/Hip-hop
Nana Mouskouri,International
NanûÀ Vasconcelos,International
Nancy Sinatra,SodaPop
Nancy Wilson,Vocal
Naoya Matsuoka = Naoya Matsuoka,Jazz
Napalm Death,Metal
Nappy Brown,R&B
Nappy Brown With Teacho Wiltshire Orchestra,R&B
Nappy Roots,Rap/Hip-hop
Nas,Rap/Hip-hop
Nashville Chamber Orchestra,Childrens
Nat King Cole,Vocal
Nat King Cole / Ella Fitzgerald,Vocal
Nat Stuckey,Country
Nat Turner Rebellion,R&B
Natalie Cole,R&B
Naughty By Nature,Rap/Hip-hop
Neil Diamond,British Invasion
Neil Sedaka,SodaPop
Neil Young,NYCSN
Neil Young & Crazy Horse,NYCSN
Neil Young & The Shocking Pinks,NYCSN
Neil Young / International Harvesters,NYCSN
Neil Young + Crazy Horse,NYCSN
Neil Young + Promise Of The Real,NYCSN
Neil Young + The Stray Gators,NYCSN
Neil Young And Crazy Horse,NYCSN
Neil Young And The Bluenotes (5),NYCSN
Neil Young With Crazy Horse,NYCSN
Neko Case,AtlantaVerse
Neko Case & Her Boyfriends,AtlantaVerse
Nelson Olmsted,Childrens
Neurosis,Metal
Neurosis & Jarboe,Metal
Neutral Milk Hotel,AtlantaVerse
New Birth,R&B
New Order,Electronic
New Order,SodaPop
New York Dolls,GLAM
Nhû HûÀt Mû¤a RÃ£i Tháng Long,International
Nice 'N' Easy (3),International
Nick Cave & The Bad Seeds,SingSong
Nick Cave / Mick Harvey / Blixa Bargeld,SingSong
Nick Drake,SingSong
Nikhil Banerjee,International
"Nikolai Rimsky-Korsakov - New York Philharmonic, Kurt Masur",Classical
Nina Simone,Jazz
Nine Inch Nails,Metal
Nirmala Devi,International
Nirmala Devi & Lakshmi Shankar,International
Nirvana,Mini Garage
Nitty Gritty Dirt Band,Country
"Nitty Gritty Dirt Band Featuring Maybelle Carter, Earl Scruggs, Doc Watson, Roy Acuff, Merle Travis, Jimmy Martin Also Featuring Vassar Clements, Junior Huskey, Norman Blake (2), Pete 'Oswald' Kirby",Country
Nnamdi Ogbonnaya,SingSong
No Artist,Childrens
No Artist,Sound/Spoken/Comedy
No Doubt,Ska/Punk/Reggae
Noah Kahan,SingSong
Norma Tanega,Folk
Normy,Ska/Punk/Reggae
Notorious B.I.G.,Rap/Hip-hop
Now Explosion,AtlantaVerse
Nusrat Fateh Ali Khan & Roger White (2),International
Nyasia,Electronic
Oblivians,Mini Garage
OC Smith,R&B
Ocie Stockard And His Wanderers,Country
Ohio Express,R&B
Ohio Players,R&B
Ohmme (2) + The Aubreys,SodaPop
Oingo Boingo,Ska/Punk/Reggae
Oku Onuora & AK7,Ska/Punk/Reggae
Old 97's,Country
Olin Ivey,SodaPop
Oliver Mtukudzi,International
Olivia Newton-John,SodaPop
Olivia Rodrigo,SodaPop
Omar Rodriguez-Lopez,Metal
Omkarnath Thakur,International
Opal (2),PsychPaisley
Opal Foxx Quartet,AtlantaVerse
Orchester Kay Webb,Classical
Orchestra Baobab,International
"Orchestra Of The Royal Opera House, Covent Garden, Robert Irving (2)",Classical
Orchestral Manoeuvres In The Dark,SodaPop
Ornette Coleman,Jazz
Orson Welles,Sound/Spoken/Comedy
Oscar Peterson,Jazz
Osibisa,International
Otis Redding,R&B
Otis Williams & The Charms,R&B
OutKast,Rap/Hip-hop
Outlaws,BoogerJam
Owen Snake Chapman,Billy
P.K. Chishala,International
Paco De Lucia,International
Palace,Country
Pali Lakatos And His Original Gipsy Orchestra,International
Palms (4),Metal
"Pandit Maniram Ji, Pandit Pratap Narayan, Pandit Jasraj",International
Pandit Shiv Kumar Sharma,International
Pandit Shiv Kumar Sharma & Brij Bhushan Kabra,International
Pandit Shiv Kumar Sharma With Zakir Hussain,International
"Pandit Shiv Kumar Sharma, Rahul Sharma (2), Zakir Hussain",International
Panic! At The Disco,SodaPop
Pankaj Udhas,International
"Paola Prestini, Melica Paranosic",Stage & Screen
Papa Wemba,International
Paquito D'Rivera Quintet,International
Parekh & Singh,SodaPop
Parlet,GeorgeClintonFam
Parliament,GeorgeClintonFam
Parvathy Baul,International
Parween Sultana,International
Parween Sultana & Dilshad Khan,International
Pat Boone,SodaPop
Pat Metheny Group,Jazz
Pat Metheny W/ Charlie Haden & Billy Higgins,Jazz
Patsy Cline,Country
Patterson Hood,AtlantaVerse
Patti LaBelle,R&B
Patti LaBelle And The Bluebells,R&B
Patti Page,Holiday
Patti Smith Group,Ska/Punk/Reggae
Paul & Linda McCartney,British Invasion
Paul Anka,SodaPop
Paul Gayten & His Orchestra,Jazz
Paul McCartney,British Invasion
Paul Revere & The Raiders,SodaPop
Paul Revere & The Raiders Featuring Mark Lindsay,SodaPop
Paul Simon,SingSong
Paul Westerberg,PROTO
Paul Westerberg / Grandpa Boy,PROTO
Paul Weston And His Orchestra With Matt Dennis,Jazz
Paula Fernandes,International
Pavement,Mini Garage
Peaches & Herb,R&B
Peg Leg Howell,AtlantaVerse
Peg Leg Sam Featuring Louisiana Red,Blues
Peggy Lee,Country
Peggy Lee,Vocal
Peggy Lee With Dave Barbour Orchestra / Peggy Lee,Country
Peggy March,SodaPop
Penguin Cafe Orchestra,Electronic
Pepe Jaramillo And His Latin-American Rhythm,International
Percy Sledge,R&B
Pere Ubu,PROTO
Pernice Brothers,SodaPop
Perry Como,Vocal
Perry Como With Henri Renûˋ And His Orchestra And Chorus,Vocal
Pete Seeger,Folk
Pete Seeger and Sonny Terry,Folk
Peter Case,SingSong
Peter Frampton,Super
Peter Gabriel,PsychPaisley
Peter Pan Players,Childrens
"Peter, Paul & Mary",Folk
Phantom 309 (2),AtlantaVerse
Phil Collins,SodaPop
Phil Harris And His Orchestra,Billy
"Phil Harris, Sebastian Cabot, Louis Prima, George Sanders, Sterling Holloway",Stage & Screen
Philip Glass,Mini Garage
Phinda,International
Phoebe Bridgers,SingSong
Phoebe Bridgers & Rob Moose,SingSong
Piano Red,AtlantaVerse
Pigmeat Markham,Sound/Spoken/Comedy
Pink Floyd,PsychPaisley
Pink Siifu & Fly Anakin,Rap/Hip-hop
Pixies,PROTO
Poco (3),SodaPop
Pointer Sisters,R&B
Pokey LaFarge,SingSong
Poncho Sanchez,Jazz
Porcupine Tree,PsychPaisley
Porter Wagoner,GLAM
Porter Wagoner And Dolly Parton,GLAM
Portishead,Electronic
Pow Wows,Mini Garage
Prabha Atre,International
Pradyumna Sharma,International
Preservation Hall Jazz Band,Jazz
Primus,Metal
Prince,PROTO
Prince Nico Mbarga And Rocafil Jazz,International
Prof. Harold Boggs and Lula Reed,Religious
Professor Longhair,R&B
Professor Washboard,Jazz
Professor Washboard & Dr. Harmonica,Jazz
Psycho Realm,Rap/Hip-hop
Public Enemy,Rap/Hip-hop
Punch Brothers,Folk
Pure Prairie League,BoogerJam
Pygmies of Ituri Forest,International
Pylon (4),AtlantaVerse
"Pyotr Ilyich Tchaikovsky - Bolshoi Theatre Orchestra, Gennadi Rozhdestvensky",Classical
Pyotr Ilyich Tchaikovsky - ÅÅƒÅ£îîÅƒÅ¿ ÅÀÅ¡Å¥îÅƒÅ§Å¡îÅçîÅ¤Å¡Å¿ ÅîÅ¤Åçîîî ÅîÅçîÅƒîÅñÅ§ÅƒÅ°Åƒ Å Å¯ÅÇÅ¡Åƒ ã Gennadi Rozhdestvensky,Classical
"Pyotr Ilyich Tchaikovsky - Wiener Philharmoniker, James Levine (2)",Classical
Pyotr Ilyich Tchaikovsky = Pyotr Ilyich Tchaikovsky,Classical
"Pyotr Ilyich Tchaikovsky ã David Oistrach, Eugene Ormandy, The Philadelphia Orchestra",Classical
"Pyotr Ilyich Tchaikovsky, Chicago Symphony Orchestra, Georg Solti",Classical
"Pyotr Ilyich Tchaikovsky, Evgeny Mravinsky, Leningrad Philharmonic Orchestra",Classical
"Pyotr Ilyich Tchaikovsky, Leonard Bernstein, New York Philharmonic",Classical
"Pyotr Ilyich Tchaikovsky, Mikhail Ivanovich Glinka",Classical
Queen,GLAM
Queen,PROTO
Queens Of The Stone Age,Metal
Quicksand (3),Metal
Quincy Jones And His Orchestra,Jazz
Quintron And Miss Pussycat,PROTO
R. D. Burman,International
"R. D. Burman, Anand Bakshi",International
"R. D. Burman, Gulzar",International
R.E.M.,AtlantaVerse
Radiohead,SodaPop
Raelets,R&B
Raheem,Rap/Hip-hop
Rail Band,International
Rais Khan,International
Rakim,Rap/Hip-hop
Ralph Carmichael Orchestra,Holiday
Ralph Marterie And His Orchestra,Jazz
Ralph Stanley And The Clinch Mountain Boys,Billy
"Ralph Vaughan Williams / Neil Black (3), Arnold Jacobs, Pinchas Zukerman, English Chamber Orchestra, Chicago Symphony Orchestra, Daniel Barenboim",Classical
Ralph's World,Childrens
Ram Jam,SodaPop
Ram Narayan,International
Rammstein,Metal
Ramones,PROTO
Ramsey Lewis,Jazz
Randy Newman,SingSong
Randy Travis,Country
Rank & File,Mini Garage
Ransom (5) & Dave East,Rap/Hip-hop
Rappin' Duke,Sound/Spoken/Comedy
Ratboys,Billy
Ravi Shankar,International
"Ravi Shankar & Ali Akbar Khan, Alla Rakha",International
Ravi Shankar / Ustad Ahmedjan Thirakhwa,International
Ravi Shankar And Ali Akbar Khan,International
Ravindra Jain,International
Ray Charles,AtlantaVerse
Ray Charles And His Band,AtlantaVerse
Ray Charles And His Orchestra,AtlantaVerse
Ray Conniff And The Singers,Vocal
Ray Stevens,AtlantaVerse
Real McCoy,Electronic
Rebecca Pidgeon,Vocal
Recess Monkey,Childrens
Red Foley And The Cumberland Valley Boys / Red Foley,Country
Red Nichols,Jazz
Red Sovine,Country
Redd Kross,Ska/Punk/Reggae
Redd Kross / The Side Eyes,Ska/Punk/Reggae
Redd Stewart And His Kentucky Colonels,Country
Refused,Ska/Punk/Reggae
Rene & Angela,R&B
Reno And Smiley,Billy
REO Speedwagon,SodaPop
Rev. James Cleveland,Religious
Rev. James Cleveland And The Angelic Choir,Religious
Rev. James Cleveland And The Charles Fold Singers,Religious
Rev. James Cleveland And The Cleveland Singers,Religious
Rev. James Cleveland And The Southern California Community Choir,Religious
Rev. James Cleveland Presents The Charles Fold Singers,Religious
Rev. James Cleveland Presents The Salem Inspirational Choir,Religious
Rev. Oris Mays,Religious
Rev. W. Leo Daniels,Religious
Reverend Cleophus Robinson,Religious
Richard & Linda Thompson,Folk
Richard Pryor,Sound/Spoken/Comedy
"Richard Strauss - Fritz Reiner, Chicago Symphony Orchestra",Stage & Screen
Richard Thompson,Folk
Rick Dees & His Cast Of Idiots,Childrens
Rick Wakeman,PsychPaisley
Rickie Lee Jones,SingSong
Ricky Nelson (2),SodaPop
Ricky Skaggs & The Whites,Billy
Right As Rain,AtlantaVerse
Rilo Kiley,Billy
"Risû¨ Stevens ãÂ Jan Peerce ãÂ Licia Albanese ãÂ Robert Merrill, The Robert Shaw Chorale, Robert Shaw, RCA Victor Symphony Orchestra, Fritz Reiner",Stage & Screen
Ritchie Valens,SodaPop
Rob Wasserman,PsychPaisley
Robbie Fulks,Billy
"Robert Casadesus, Gaby Casadesus, Jean Casadesus, Eugene Ormandy, The Philadelphia Orchestra, Johann Sebastian Bach, Wolfgang Amadeus Mozart",Classical
Robert Crumb And His Cheap Suit Serenaders,Jazz
Robert Fripp,SodaPop
Robert Johnson,Blues
Robert Mitchum,Stage & Screen
Robert Palmer,R&B
Robert Parker,R&B
Robert Plant | Alison Krauss,Folk
Roberta Flack,R&B
Roberto Delgado & His Orchestra,International
Robin Trower,SodaPop
Rockpile,SodaPop
Rod Stewart,SodaPop
Rodgers & Hammerstein,Stage & Screen
Rodgers & Hammerstein - Julie Andrews,Stage & Screen
"Rodgers & Hammerstein / Julie Andrews, Christopher Plummer, Irwin Kostal",Stage & Screen
Rodgers & Hammerstein Present Gertrude Lawrence With Yul Brynner,Stage & Screen
Roger Knox And The Pine Valley Cosmonauts,Billy
Roger Miller,PROTO
Roger Waters,PsychPaisley
Roger Williams (2),Classical
Roky Erickson With Okkervil River,PsychPaisley
Roland Kirk,SodaPop
Ron Goodwin And His Orchestra,Classical
Ronnie Hawkins,Billy
Roosevelt Sykes,Blues
Rory Gallagher,Blues
Rosalia (3),International
Rosanne Cash,Cash-Carter Fam
Roscoe Shelton,R&B
Rosemary Clooney,Vocal
Rova Saxophone Quartet,Jazz
Rova Saxophone Quartet Plays Steve Lacy,Jazz
Roxy Music,GLAM
Roy Acuff & His Crazy Tennesseans,Country
Roy Acuff And His Smoky Mountain Boys,Country
Roy Clark,Country
"Roy Clark And Clarence ""Gatemouth"" Brown",Blues
Roy Hamilton (5),R&B
Roy Orbison,Wilburys
Roy Rogers (3),Country
Ruben And The Jets,Antelope Valley
Ruben Blades Y Seis Del Solar,International
Ruby Winters,R&B
"Rudy Green, Rudy Green And The Four Buddies (3)",R&B
Rufus & Chaka Khan,R&B
Rufus & Chaka Khan / Rufus,R&B
Rufus Thomas,R&B
Ruggiero Ricci,Classical
Run-DMC,Rap/Hip-hop
Rush,PROTO
Russ Hamilton,SodaPop
Rusty Draper,Country
Ruth Brown,R&B
Ruth Welcome,Jazz
Ry Cooder,Antelope Valley
Ry Cooder,Stage & Screen
S. D. Burman,International
"S. D. Burman, Anand Bakshi",International
S. E. Rogie,International
S. Kiyotaka & Omega Tribe,International
S. N. Tripathi,International
Sabicas And Carlos Montoya,International
Sade,R&B
Safari Sound Band,International
Saga (3),Metal
Sakhile,International
Salif Keita,International
Salma Agha,International
Salt 'N' Pepa,Rap/Hip-hop
Sam Cooke,R&B
Sam Hinton,Folk
Sam Phillips,SingSong
Sam Rivers,Jazz
Sam The Sham & The Pharaohs,SodaPop
Samantha Fish,Blues
Samba Soul,International
Sammy Barnhart,Country
Sammy Kaye,Jazz
Sandra Boynton,Childrens
Santana,BoogerJam
Sapan Jagmohan,International
Saragossa Band,R&B
Sarah Vaughan,Jazz
Sascha Jacobsen (2),Classical
Satish Babbar,International
Saturday Session Band,AtlantaVerse
Savia Andina,International
Scandal (4),SodaPop
Scarface (3),Rap/Hip-hop
Scissor Sisters,SodaPop
Scorpions,Metal
Scott Joplin,Jazz
Seals & Crofts,SodaPop
See New Project,International
Segun Adewale And His Superstars International,International
Selena,PROTO
Sen Morimoto,SodaPop
Sergei Vasilyevich Rachmaninoff / Byron Janis / Antal Dorati / Minneapolis Symphony Orchestra,Classical
Sergio Mendes & Brasil '66,International
Serious Bizness,Folk
Sesame Street,Childrens
Sex Pistols,Ska/Punk/Reggae
Shaboozey,Rap/Hip-hop
Shakti (2) With John McLaughlin,Jazz
Shamim Ahmed With Latif Ahmed Khan,International
"Sharan Rani, Alla Rakha",International
Sharkey And His Kings Of Dixieland,Jazz
Sheb Wooley,Country
Sheer Mag,SodaPop
Sheila & B. Devotion,International
Shel Silverstein,SingSong
Shenandoah,Country
Shirley Bassey,Vocal
Shirley Brown,R&B
Shirley Caesar,Religious
Shirley Gunter & The Queens,R&B
Shobha Gurtu,International
Shonen Knife,Ska/Punk/Reggae
Shooting Daggers,Riot Grrrl Pluse Sic
Shooting Daggers / Death Pill,Riot Grrrl Pluse Sic
Shriekback,SodaPop
Sidney Bechet,Jazz
Sidney Bechet And His New Orleans Rhythm Kings,Jazz
Sierra Hull,Billy
Simon & Garfunkel,PROTO
Simon & Garfunkel,SingSong
Simon Mahlathini Nkabinde,International
Sinead O'Connor,SingSong
Singers Of The Art Of Living,International
Sister Jessie Mae Renfro,Religious
Sister Rosetta Tharpe,PROTO
Sister Sledge,R&B
Sixto Rodriguez,SodaPop
Siya Ram Tewari,International
Skeets Yaney,Country
Skeleton Goode,International
Skids,Ska/Punk/Reggae
Skipper Shabalala,International
Skyzoo,Rap/Hip-hop
Slade,GLAM
Slave Featuring Steve Arrington,R&B
Slayer,Metal
Sleater-Kinney,Riot Grrrl Pluse Sic
Sleepy John Estes,Blues
Slick Rick,Rap/Hip-hop
Slim Harpo,Blues
Sly & The Family Stone,R&B
Small Faces,British Invasion
Smoke (26),AtlantaVerse
Smokey Robinson,R&B
Smothers Brothers,Sound/Spoken/Comedy
Snail Mail (2),SingSong
Snooks Eaglin,International
Snoop Dogg,Rap/Hip-hop
Soccer Mommy,Ska/Punk/Reggae
Soccer Mommy,SodaPop
Sofia Kourtesis,Electronic
Soft Cell,SodaPop
Solomon Burke,R&B
Son House,Blues
Son Seals,Blues
Son Volt,Country
Songs: Ohia,Country
Sonic Youth,PROTO
Sonny & Cher,Super
Sonny Boy Williamson (2),Blues
Sonny Boy Williamson (2) + The Animals,Blues
Sonny James,Country
Sonny Rollins,Jazz
Sonny Terry,Blues
Sonny Terry & Brownie McGhee,Blues
Sonny Terry And Blind Gary Davis,Blues
"Sonny Terry, Johnny Winter, Willie Dixon, Styve Homnick",Blues
Soul Asylum,SodaPop
Soul Generation,R&B
Soul Rebels Brass Band,International
Southern Avenue,R&B
Southern Culture On The Skids,AtlantaVerse
Space Cadets (4),R&B
Spacemen 3,PsychPaisley
Sparks,PROTO
Spinners,R&B
Split Enz,SodaPop
Spoon,SodaPop
Squeeze (2),SodaPop
St Germain,Electronic
St. Paul & The Broken Bones,R&B
Stûˋphane Grappelli,Jazz
Stan Getz,Jazz
Stan Getz / Charlie Byrd,Jazz
Stan Getz / Dave Brubeck,Jazz
Stan Getz And JoûÈo Gilberto Featuring Antonio Carlos Jobim,Jazz
Stan Getz And The Oscar Peterson Trio,Jazz
Stan Getz With Laurindo Almeida,Jazz
Stan Kenton And His Orchestra,Jazz
Stan Ridgway,SodaPop
Stanley Black,Jazz
Stanley Clarke,Jazz
Stanley Turrentine,R&B
Starbuck (2),SodaPop
Starland Vocal Band,SodaPop
Status Quo,British Invasion
Steeleye Span,Folk
Steely Dan,PROTO
Steely Dan,SodaPop
Stef Meeder,SodaPop
Stephen Stills,NYCSN
Stephen Stills / Manassas,NYCSN
Steppenwolf,Metal
Sterling Holloway - Tutti Camarata,Stage & Screen
Sterling Holloway And Tutti Camarata,Stage & Screen
Steve Earle,SingSong
Steve Earle & The Dukes,Country
Steve Earle & The Dukes (And Duchesses),Country
Steve Karmen,SodaPop
Steve Martin (2),Sound/Spoken/Comedy
Steve Miller,SingSong
Steve Miller Band,SingSong
Stevie Nicks,Super
Stevie Ray Vaughan & Double Trouble,Blues
Stevie Wonder,PROTO
Stewart Copeland,Stage & Screen
Stiff Little Fingers,Ska/Punk/Reggae
Stillwater (2),AtlantaVerse
Sting,SingSong
Stray Cats,Billy
Sturgill Simpson,Country
Styx,SodaPop
Sublime (2),Rap/Hip-hop
Subsonics,AtlantaVerse
Sue Richards,Folk
Suede,GLAM
Sufjan Stevens,SodaPop
Sugar Pie Desanto,R&B
Sugarhill Gang,Rap/Hip-hop
Sugarland (2),AtlantaVerse
Suicide,Ska/Punk/Reggae
Suman Kalyanpur,International
Sun Ra,Jazz
Sunn O))) & Boris (3),Metal
Sunny War,SingSong
Sunshine Slim Sweet And The Georgia Farmhands,Country
Super Chikan,Blues
Super Mama Djombo,International
Superorganism,SodaPop
Supersuckers,Metal
Supertramp,SodaPop
Suzi Quatro,GLAM
Sweet Honey In The Rock,Religious
Syd Barrett,PsychPaisley
Sydney Devine,Folk
Sylvia Syms,Vocal
SZA (2),R&B
T. Rex,GLAM
T. Texas Tyler,Country
Taana Gardner,R&B
Tabby West,Country
"Tabu Ley Rochereau, Rene Kassanda, Ndombe Opetum & Orchestre Afrisa L'International",International
Taj Mahal,Blues
"Taj Mahal, Toumani Diabatûˋ",Blues
Talat Aziz,International
Talking Heads,PROTO
Tammy Wynette,Country
"Tampa Red, Big Maceo",AtlantaVerse
Tangerine Dream,Electronic
Tank and the Bangas,R&B
Tatsuro Yamashita,International
Taxi (14),International
Taylor Swift,SingSong
T-Bone Walker,Blues
Team Dresch,Riot Grrrl Pluse Sic
Ted Daffan's Texans,Billy
Ted Nugent,Metal
Ted Nugent & The Amboy Dukes,Metal
Ted Weems And His Orchestra,Jazz
Tedeschi Trucks Band,BoogerJam
Teen Mortgage,Ska/Punk/Reggae
Television,PROTO
Tenement Halls,AtlantaVerse
Tennessee Ernie Ford,Country
Terence Blanchard,International
Terrance Simien And The Zydeco Experience,International
Terry Jacks,SingSong
Terry Snyder And The All Stars,Jazz
The 5 Red Caps,Jazz
The 5 Royales,R&B
"The 5 Royales, Charlie (Little Jazz) Ferguson And His Orchestra",R&B
The 5.6.7.8's,Billy
The 50 Guitars Of Tommy Garrett,SodaPop
The Alan Parsons Project,SodaPop
The Allman Brothers Band,BoogerJam
The Ames Brothers,Vocal
The Angelic Gospel Singers,Religious
The Animals,British Invasion
The Archies,SodaPop
The Art Ensemble Of Chicago,Jazz
The Avalanches,Rap/Hip-hop
The B-52's,AtlantaVerse
The Bagdads,R&B
The Band,Wilburys
The Basin Street Boys With Eddie Beal And His Fourtette,Jazz
The Beach Boys,PROTO
The Beagles (2) / Fred York,SodaPop
The Bears (3),SodaPop
The Beat Farmers,Billy
The Beatles,British Invasion
The Belfast Gypsies,Mini Garage
The Beta Band,Electronic
The Black Angels,PsychPaisley
The Black Keys,Mini Garage
The Black Lips,AtlantaVerse
The Blasters,Billy
The Blue Chips (12),Billy
The Blue Things,Mini Garage
The Boggs,Folk
The Boomtown Rats,Ska/Punk/Reggae
The Bottle Rockets,BoogerJam
The Breeders,Mini Garage
The Brothers Four,Folk
The Buckinghams,SodaPop
The Byrds,PsychPaisley
The Cadillacs,SodaPop
The Cannonball Adderley Quintet,Jazz
The Capitols,R&B
The Caravans (2),Religious
The Cars,SodaPop
The Charles Lloyd Quartet,Jazz
The Charlie Daniels Band,BoogerJam
The Charlie Daniels Band,Country
The Charms,R&B
The Chemical Brothers,Electronic
The Chipmunks,Childrens
"The Chipmunks, Alvin, Simon And Theodore With David Seville",Childrens
The Clash,PROTO
The Claypool Lennon Delirium,Metal
The Coasters,R&B
The Colourfield,SodaPop
The Communards,SodaPop
The Consolers,Religious
The Contours,R&B
The Coolies (2),AtlantaVerse
The Corn Sisters,AtlantaVerse
The Corrs,International
The Cramps,Billy
The Cranberries,SodaPop
The Crash Crew,Rap/Hip-hop
The Crickets,PROTO
The Cure,SodaPop
The Cynics,Mini Garage
The Damned,Ska/Punk/Reggae
The Dave Brubeck Quartet,Jazz
The Dave Brubeck Quartet Featuring Jimmy Rushing,Jazz
The Dead Boys,Ska/Punk/Reggae
The Dead Milkmen,Ska/Punk/Reggae
The Dears,SodaPop
The Del Fuegos,Billy
The Dells,R&B
The Dell-Vikings,R&B
The Delta Merchant,R&B
The Diamonds,R&B
The Dictators,Ska/Punk/Reggae
The Dirt Band,Billy
The Dirty Dozen Brass Band,International
"The Dixie Hummingbirds, The Angelic Gospel Singers",Religious
The Dodos,SodaPop
The Dodos & Magik*Magik Orchestra,SodaPop
The Dollyrots,Ska/Punk/Reggae
The Dominoes,R&B
The Donald Vails Choraleers,Religious
The Donnas,Ska/Punk/Reggae
The Doobie Brothers,BoogerJam
The Doobie Brothers,PsychPaisley
The Doors,PsychPaisley
The Dramatics,R&B
The Dream Syndicate,PsychPaisley
The Drifters Featuring Clyde McPhatter And Bill Pinkney,R&B
The Early Music Consort Of London Conducted By David Munrow With Christopher Hogwood,Classical
"The Early Music Consort Of London, David Munrow",Classical
The Equals,R&B
The Fall,Ska/Punk/Reggae
The Feelies,SodaPop
The Fifth Dimension,PsychPaisley
The Firesign Theatre,Sound/Spoken/Comedy
The Fixx,SodaPop
The Flamin' Groovies,Mini Garage
The Flaming Lips,SodaPop
The Flat Five,AtlantaVerse
The Flatlanders,Country
The Folksmiths,Folk
The Four Seasons,SodaPop
The Four Tunes,R&B
The Frank Barber Percussion,Jazz
The Freddie Kohlman Orchestra,Jazz
The Fugs,Folk
The Fugs,PsychPaisley
The Futures,R&B
The Fuzzy Mountain String Band,Billy
The Gamblers (2),Billy
The Gap Band,R&B
The George Garabedian Players,Holiday
The George Mitchell Minstrels,Stage & Screen
The Georgia Satellites,AtlantaVerse
The Georgia Thunderbolts,BoogerJam
The Gestures,Mini Garage
The Gits (2),Ska/Punk/Reggae
The Golden Palominos,Super
The Gories,Mini Garage
The Grass Roots,SodaPop
The Grateful Dead,BoogerJam
The Greeting Committee,SingSong
The Grid / Robert Fripp,Electronic
The Gun Club,Billy
The Hard Times,Mini Garage
The Harry Simeone Chorale,Holiday
The Heartbeats,R&B
The Heath Brothers,Jazz
The Hellacopters,Mini Garage
The Henchmen (17),Mini Garage
The Hives,Mini Garage
The Hollies,British Invasion
The Horace Silver Quintet,Jazz
The Hot Dogs,SodaPop
The Impressions,R&B
The Independents,R&B
The Ink Spots,R&B
The Ink Spots,Vocal
The Ink Spots (2),R&B
The Ink Spots And Ella Fitzgerald,R&B
The Innocence,SodaPop
The Intruders,R&B
The Isley Brothers,R&B
The Isley Brothers / The I.B. Special,R&B
The J. Geils Band,BoogerJam
The Jackson 5,R&B
The Jaggerz,R&B
The Jam,Ska/Punk/Reggae
The James Last Band,Jazz
The Japanese House,Electronic
The Jazz Butcher,PROTO
The Jazz Butcher,SingSong
The Jesus Lizard,AtlantaVerse
The Jim Carroll Band,Ska/Punk/Reggae
The Jimi Hendrix Experience,BoogerJam
The Jimi Hendrix Experience,PROTO
The Jimmy Castor Bunch,R&B
The Jody Grind,AtlantaVerse
The Joe Harriott Double Quintet,Jazz
The John Coltrane Quartet,Jazz
The Johnny Cash Family,Cash-Carter Fam
The Killers,SodaPop
The Kills,Mini Garage
The Kindly Shepherds,Religious
The Kinks,British Invasion
The Klaudt Indian Family,Religious
The Knack (3),SodaPop
The Libertines,SodaPop
The Long Ryders,Billy
The Louvin Brothers,PROTO
The Love Hall Tryst,AtlantaVerse
The Lumineers,SodaPop
The Maiden Theatre Company,Childrens
The Mamas & The Papas,Folk
The Manhattan Transfer,Jazz
The MarûÙas,SodaPop
The Marx Brothers,Sound/Spoken/Comedy
The McCoys,SodaPop
The Mekons,SodaPop
The Mercy Seat,Religious
The Meters,R&B
The Mills Brothers,Jazz
The Mills Brothers,R&B
The Mills Brothers,Vocal
The Miracle Voices,Religious
The Miracles,R&B
The Misfits (18),SodaPop
The Mistletoe Disco Band,Holiday
The Modern Lovers,PROTO
The Monkees,Stage & Screen
The Mono Men / Girl Trouble,Mini Garage
The Montanas (3),AtlantaVerse
The Moody Blues,British Invasion
The Moonglows,R&B
The Mothers,Antelope Valley
The Nails,SodaPop
The Nat King Cole Trio,Jazz
The Neville Brothers,R&B
The New Breed (12),Mini Garage
The New Colony Six,Mini Garage
The New Order,Metal
The New Orleans Ragtime Orchestra,Jazz
The New Pornographers,AtlantaVerse
The Nightrockers,Mini Garage
The No-No's,SodaPop
The Norman Petty Trio,Country
The Oak Ridge Boys,Country
The Offspring,Metal
The O'Jays,R&B
The O'Kanes,Country
The Okee Dokee Brothers,Childrens
The Original Gospel Harmonettes,Religious
The Ornette Coleman Double Quartet,Jazz
The Ornette Coleman Quartet,Jazz
The Osborne Brothers,Country
The Oscar Peterson Trio,Jazz
The Oscar Peterson Trio With Milt Jackson,Jazz
The Palms (3) And Lefty Bates And His Band,Blues
The Pharcyde,Rap/Hip-hop
The Pied Pipers With Paul Weston And His Orchestra,Vocal
The Pine Valley Cosmonauts,Country
The Plastic Ono Band,SingSong
The Platters,R&B
The Playboys (10),R&B
The Playmates With Joe Reisman And His Orchestra,R&B
The Poets (4),R&B
The Pogues,International
The Police,Ska/Punk/Reggae
The Pretenders,PROTO
The Pretenders,SodaPop
The Producers (6),AtlantaVerse
The Psychedelic Furs,PsychPaisley
The Raconteurs,PROTO
The Radiators,International
The Rascals/The Young Rascals,R&B
The Red Clay Strays,Country
The Replacements,PROTO
The Residents,PROTO
The Rip Chords,Billy
The Rivieras (2),R&B
The Robins,R&B
The Roches,Folk
The Rock*A*Teens,AtlantaVerse
The Rockbusters,SodaPop
The Rolling Stones,British Invasion
The Roots,Rap/Hip-hop
The Roy Meriwether Trio,Jazz
The Royal Grand Orchestra,Classical
The Royal Guardsmen,Mini Garage
The Rumble (6) Featuring Chief Joseph Boudreaux Jr,International
The Sabri Brothers,International
The Saints (2),Ska/Punk/Reggae
The Scientists (2),Ska/Punk/Reggae
The Screaming Abdabs,SodaPop
The Screaming Blue Messiahs,SodaPop
The Seatbelts,Stage & Screen
The Seekers,SodaPop
The Seldom Scene,Country
The Selecter,Ska/Punk/Reggae
The Sequence,Rap/Hip-hop
The Skatalites,Ska/Punk/Reggae
The Slits,Ska/Punk/Reggae
The Smile,SodaPop
The Smiths,PROTO
The Snakes,Mini Garage
The Son Seals Blues Band,Blues
The Sonics,Mini Garage
The Specials,Ska/Punk/Reggae
The Stanley Brothers,Billy
The Staple Singers,R&B
The Staple Singers,Religious
The Statler Brothers,Country
The Stills-Young Band,NYCSN
The Stooges,PROTO
The Stranglers,Ska/Punk/Reggae
The Strokes,SodaPop
The Sun Ra Arkestra,Jazz
The Sunshine Generation,Stage & Screen
The Supremes,R&B
The Supremes & Four Tops,R&B
The Swanee Quintet,Religious
The Sweet,GLAM
The Sweet Inspirations,R&B
The Swimming Pool Q's,AtlantaVerse
The Sylvers,R&B
The Teen Queens,R&B
The Temptations,R&B
The The,SodaPop
The Thelonious Monk Quartet,Jazz
The Three O'Clock,PsychPaisley
The Time,R&B
The Tokens,R&B
The Torero Band,International
The Tubes,SodaPop
The Turtles,Mini Garage
The Tymes,R&B
The V.S.O.P. Quintet,Jazz
The Vandals,Ska/Punk/Reggae
The Velvet Underground,PROTO
The Velvet Underground & Nico (3),PROTO
The Ventures,SodaPop
The Very Best,SodaPop
The Wailers,Ska/Punk/Reggae
The Waitresses,SodaPop
The Walker Brothers,British Invasion
The Wanted (2),Mini Garage
The Waterboys,SodaPop
"The Waverly Consort, Michael Jaffee",Holiday
The Weavers,Folk
The Whispers,R&B
The White Stripes,Mini Garage
The Who,British Invasion
The Wild Tchoupitoulas,International
The Wipeouters,PROTO
The Wiseguys,Electronic
The Woggles,AtlantaVerse
The Wood Brothers,Folk
The Yardbirds,British Invasion
The Young Rascals,Mini Garage
Thelonious Monk,Jazz
Thelonious Monk And Gerry Mulligan,Jazz
Thelonious Monk With John Coltrane,Jazz
Thelonious Monster,Ska/Punk/Reggae
Theola Kilgore,R&B
They Might Be Giants,PROTO
Thin Lizzy,Metal
Thomas Binkley,Classical
Three Dog Night,Vocal
Thundercat,R&B
Tiana,Rap/Hip-hop
"Tielman Susato And Thomas Morley, The Early Music Consort Of London & The Morley Consort Directed By David Munrow",Classical
Tim Lee,AtlantaVerse
Tim Weisberg,SodaPop
Timofej Dokschizer,International
Tin Machine,GLAM
Tina Charles,SodaPop
Tina Schouw & Various,Childrens
Tina Turner,R&B
"Tito Puente, Machito",International
Todd Rundgren,PROTO
Tom Glazer & Dottie Evans,Childrens
Tom Jones,Vocal
Tom Lehrer,Vocal
Tom Petty,Wilburys
Tom Petty And The Heartbreakers,Wilburys
Tom Waits,SingSong
Tom Waits And Crystal Gayle,SingSong
Tommy Dorsey And His Orchestra,Jazz
"Tommy Flanagan, John Coltrane, Kenny Burrell, Idrees Sulieman",Jazz
Tommy James & The Shondells,SodaPop
Tommy Roe,SodaPop
Tommy Sands,Vocal
Toni Waiman & The Cricketone Chorus & Orchestra,Childrens
Tony Bennett,Vocal
Tony Bennett & Count Basie,Vocal
Tony Bennett With Count Basie Orchestra,Vocal
Tony Monopoly,Stage & Screen
Tony Pastor And His Orchestra,Vocal
Tony! Toni! TonÕ!,R&B
Tool,Metal
Tool (2),Metal
Topol,SodaPop
Tortoise,Electronic
Toumani Diabate,International
Toure Kunda,International
Tower Of Power,R&B
Townes Van Zandt,Country
Traffic,SodaPop
Trampled By Turtles,BoogerJam
Translator (3),SodaPop
Traveling Wilburys,Wilburys
Travis,SodaPop
Trini Lopez,Vocal
Trinity All Nations Combined Choir Directed By Larry Roberts (3),Religious
Trio,SodaPop
Trip Shakespeare,SodaPop
Truth (14),R&B
TuÃ£ng CÃ¤Èi Ló¯óÀng CÃ£Ïa Thû nh CûÇng,International
Turbonegro,Metal
Twisted Sister,Metal
Two Without Hats,Rap/Hip-hop
Ty Segall,Mini Garage
Ty Segall & Freedom Band (3),Mini Garage
"Tyler, The Creator",Rap/Hip-hop
Tyrone Davis,R&B
U2,Super
UB40,Ska/Punk/Reggae
UK Subs,Ska/Punk/Reggae
Ultramagnetic MC's,Rap/Hip-hop
Umphrey's McGee,BoogerJam
United Sisters,International
University Of Florida Jazz Band,Jazz
Unknown Artist,Childrens
Unknown Artist,International
Unrest (2),SodaPop
Upchuck (2),AtlantaVerse
Ursula 1000,Electronic
USA For Africa,SodaPop
Ustad Asad Ali Khan,International
Ustad Nazakat Ali Khan & Ustad Salamat Ali Khan,International
Ustad Sultan Khan & Raghunath Seth,International
Ustad Zia Mohiuddin Dagar,International
Uwade Akhere,SingSong
Valjean,Stage & Screen
Van Cliburn,Classical
Van Dyke Parks,SingSong
Van Morrison,SingSong
Vanilla Fudge,PsychPaisley
Vanraj Bhatia,International
Various,AtlantaVerse
Various,Billy
Various,Blues
Various,BoogerJam
Various,British Invasion
Various,Cash-Carter Fam
Various,Childrens
Various,Classical
Various,Country
Various,Folk
Various,GLAM
Various,Holiday
Various,International
Various,Jazz
Various,Metal
Various,NYCSN
Various,PROTO
Various,R&B
Various,Rap/Hip-hop
Various,Religious
Various,SingSong
Various,Ska/Punk/Reggae
Various,SodaPop
Various,Sound/Spoken/Comedy
Various,Stage & Screen
Various,Vocal
Various,Wilburys
Vatsala Mehra,International
Vern Gosdin,Country
Vic Chesnutt,AtlantaVerse
Vic Chesnutt And Mr. And Mrs. Keneipp,AtlantaVerse
"Vic Chesnutt, Elf Power And The Amorphous Strums",AtlantaVerse
Vic Damone,Vocal
Victor Transistor,SodaPop
Victor Uwaifo,International
Viet Cong (2),SodaPop
Vijay Raghav Rao,International
Viktor Vaughn,Rap/Hip-hop
Vilayat Khan,International
"Vilayat Khan & Bismillah Khan, Shanta Prasad",International
Village People,GLAM
Vince Guaraldi Trio,Holiday
Vinegar Joe,BoogerJam
Violent Femmes,SodaPop
Vishni Mehrotra,International
Vivien Leigh,Stage & Screen
Vusi Mahlasela,International
W8ing4UFOs,AtlantaVerse
Wall Of Voodoo,SodaPop
Walter Brennan With The Johnny Mann Singers,Country
War,R&B
Ward Singers,Religious
Warren Zevon,SingSong
Wavves,SodaPop
Waxahatchee,SodaPop
Waylon Jennings,Country
Waylon Jennings & Willie Nelson,Country
Wayne Newton And The Newton Brothers,Country
Wayne Shorter,Jazz
Weather Report,Jazz
Wee Hairy Beasties,Childrens
Ween,SodaPop
Weezer,Mini Garage
Wendy Craig,Childrens
Wendy Oldfield,Childrens
Wendy Oldfield & Various,Childrens
Wes Montgomery,Jazz
Wet Leg,SodaPop
Wheel (10),Metal
White Zombie,Metal
Wilco,SodaPop
Wild Cherry,R&B
Will Fyffe,Sound/Spoken/Comedy
Willie Dixon,Billy
Willie Mitchell,Billy
Willie Nelson,Billy
Willie Nelson & Roger Miller,Country
"Willie Nelson, Wynton Marsalis",Billy
Willow Avalon,Country
Wilson Pickett,R&B
Windbreakers,AtlantaVerse
Wings (2),British Invasion
Wolfgang Amadeus Mozart,Classical
"Wolfgang Amadeus Mozart - Alfred Brendel, The Academy Of St. Martin-in-the-Fields, Sir Neville Marriner",Classical
Wolfgang Amadeus Mozart - Camerata Academica Salzburg ã Gûˋza Anda,Classical
Wolfgang Amadeus Mozart - Gûˋza Anda,Classical
"Wolfgang Amadeus Mozart - Gûˋza Anda, Camerata Academica Salzburg",Classical
"Wolfgang Amadeus Mozart - Hermann Baumann, Concentus Musicus Wien",Classical
"Wolfgang Amadeus Mozart - Martha Argerich, Orchestra Mozart, Claudio Abbado",Classical
"Wolfgang Amadeus Mozart - Sergei Prokofiev / David Oistrach, Alceo Galliera, Philharmonia Orchestra",Classical
"Wolfgang Amadeus Mozart - Staatskapelle Berlin, Otmar Suitner",Classical
"Wolfgang Amadeus Mozart / Jean-Pierre Rampal, Robert Veyron-Lacroix",Classical
Wolfgang Amadeus Mozart ã George Szell With Members Of Budapest String Quartet,Classical
"Wolfgang Amadeus Mozart, Bruno Walter, Columbia Symphony Orchestra",Classical
"Wolfgang Amadeus Mozart, Camerata Academica Salzburg, Gûˋza Anda",Classical
"Wolfgang Amadeus Mozart, Camerata Labacensis, Mozart Festival Orchestra (2), Alexander von Pitamic, Alberto Lizzio",Classical
"Wolfgang Amadeus Mozart, Claude Monteux / Neil Black (3), The Academy Of St. Martin-in-the-Fields, Sir Neville Marriner",Classical
"Wolfgang Amadeus Mozart, Collegium Aureum",Classical
"Wolfgang Amadeus Mozart, Die Wiener SûÊngerknaben",Classical
"Wolfgang Amadeus Mozart, Felix Prohaska, Orchester Der Wiener Staatsoper",Classical
"Wolfgang Amadeus Mozart, Franzjosef Maier, Collegium Aureum",Classical
"Wolfgang Amadeus Mozart, Hungarian Chamber Orchestra, Hungarian Wind Ensemble",Classical
"Wolfgang Amadeus Mozart, Ludwig van Beethoven, Vladimir Ashkenazy, London Wind Soloists",Classical
"Wolfgang Amadeus Mozart, The Academy Of Ancient Music, Jaap SchrûÑder, Christopher Hogwood",Classical
"Wolfgang Amadeus Mozart, The Philadelphia Orchestra, Eugene Ormandy",Classical
Woods (2),SodaPop
Woody Guthrie,PROTO
Woody Guthrie And Leadbelly,PROTO
Wrigglers,International
Wu-Tang Clan,Rap/Hip-hop
Wynn Stewart And The Tourists (2),Country
Wynton Marsalis,Jazz
Wynton Marsalis Septet,Jazz
"Wynton Marsalis, Joseph Haydn / Johann Nepomuk Hummel / Leopold Mozart, Raymond Leppard, National Philharmonic Orchestra",Jazz
X (5),Ska/Punk/Reggae
Xavier Cugat And His Orchestra,International
XIT (4),International
X-Ray Spex,Ska/Punk/Reggae
XTC,SodaPop
XTC As The Dukes Of Stratosphear,SodaPop
Yaeji,Electronic
Yazoo,SodaPop
Yeah Yeah Yeahs,Mini Garage
Yellow Days,SodaPop
Yellowman & Fathead,Ska/Punk/Reggae
Yes,PsychPaisley
Yo La Tengo,SodaPop
York Brothers,Country
Young Holt Unlimited,R&B
Youssou N'Dour,International
"Yo-Yo Ma, Stuart Duncan, Edgar Meyer, Chris Thile",Billy
Yumi Arai,International
Yussef Dayes,Jazz
Zach Bryan,SingSong
Zachary Richard,International
Zamajobe,International
Zapp,R&B
Zubeeda Khanum,International
ZZ Top,BoogerJam
